,Text,User,Platform,Hashtags,Retweets,Likes,Sentiment,Country
0, Enjoying a beautiful day at the park!              , User123      , Twitter  , #Nature #Park                            ,15,30, Positive  , USA      
1, Traffic was terrible this morning.                 , CommuterX    , Twitter  , #Traffic #Morning                        ,5,10, Negative  , Canada   
2, Just finished an amazing workout! , FitnessFan   , Instagram , #Fitness #Workout                        ,20,40, Positive  , USA        
3, Excited about the upcoming weekend getaway!        , AdventureX   , Facebook , #Travel #Adventure                       ,8,15, Positive  , UK       
4, Trying out a new recipe for dinner tonight.        , ChefCook     , Instagram , #Cooking #Food                           ,12,25, Neutral   , Australia 
5, Feeling grateful for the little things in life.    , GratitudeNow , Twitter  , #Gratitude #PositiveVibes              ,25,50, Positive  , India    
6, Rainy days call for cozy blankets and hot cocoa.   , RainyDays    , Facebook , #RainyDays #Cozy                         ,10,20, Positive  , Canada   
7, The new movie release is a must-watch!             , MovieBuff    , Instagram , #MovieNight #MustWatch                  ,15,30, Positive  , USA    
8, Political discussions heating up on the timeline.  , DebateTalk   , Twitter  , #Politics #Debate                       ,30,60, Negative  , USA      
9, Missing summer vibes and beach days.               , BeachLover   , Facebook , #Summer #BeachDays                      ,18,35, Neutral   , Australia 
10, Just published a new blog post. Check it out!      , BloggerX     , Instagram , #Blogging #NewPost                      ,22,45, Positive  ,USA
11, Feeling a bit under the weather today.             , WellnessCheck, Twitter  , #SickDay #Health                        ,7,15, Negative  , Canada   
12, Exploring the city's hidden gems.                  , UrbanExplorer, Facebook , #CityExplore #HiddenGems                ,12,25, Positive  , UK       
13," New year, new fitness goals! 💪                    ", FitJourney   , Instagram , #NewYear #FitnessGoals                  ,28,55, Positive  , USA        
14, Technology is changing the way we live.            , TechEnthusiast, Twitter  , #Tech #Innovation                       ,15,30, Neutral   , India    
15, Reflecting on the past and looking ahead.          , Reflections  , Facebook , #Reflection #Future                     ,20,40, Positive  , USA      
16, Just adopted a cute furry friend! 🐾              , PetAdopter   , Instagram , #PetAdoption #FurryFriend               ,15,30, Positive  , Canada    
17, Late-night gaming session with friends.            , GamerX       , Twitter  , #Gaming #LateNight                      ,18,35, Positive  , UK       
18, Attending a virtual conference on AI.              , TechConference, Facebook , #AI #TechConference                     ,25,50, Neutral   ,USA
19, Winter blues got me feeling low.                   , WinterBlues  , Instagram , #WinterBlues #Mood                      ,8,15, Negative  , USA       
20, Sipping coffee and enjoying a good book.           , Bookworm     , Twitter  , #Reading #CoffeeTime                    ,22,45, Positive  , India    
21, Exploring the world of virtual reality.            , VRExplorer   , Facebook , #VR #VirtualReality                     ,15,30, Positive  ,USA
22, Productive day ticking off my to-do list.          , ProductivityPro, Instagram , #Productivity #WorkFromHome           ,30,60, Positive  , USA 
23, Just finished a challenging workout routine.       , FitnessWarrior, Twitter  , #Fitness #ChallengeAccepted             ,20,40, Positive  , UK       
24, Celebrating a milestone at work! 🎉               , CareerMilestone, Facebook , #Career #Milestone                      ,12,25, Positive  , Canada  
25, Sunday brunch with friends.                        , BrunchBuddy  , Instagram , #Brunch #Friends                       ,15,30, Positive  , UK 
27, Learning a new language for personal growth.       , LanguageLearner, Facebook , #LanguageLearning #PersonalGrowth       ,25,50, Positive  , India     
28, Quiet evening with a good book.                    , BookLover    , Instagram , #Reading #QuietTime                     ,15,30, Positive  , Australia 
29, Reflecting on the importance of mental health.     , MentalHealthMatters, Twitter  , #MentalHealth #SelfCare                 ,22,45, Positive  , USA      
30, New painting in progress! 🎨                       , ArtistInAction, Facebook , #Art #PaintingInProgress             ,12,25, Positive  , Canada 
31, Weekend road trip to explore scenic views.         , RoadTripper  , Instagram , #RoadTrip #ScenicViews                  ,18,35, Positive  , UK        
32, Enjoying a cup of tea and watching the sunset.     , SunsetWatcher, Twitter  , #TeaTime #Sunset                       ,15,30, Positive  , India    
33, Coding a new project with enthusiasm.              , CodeEnthusiast, Facebook , #Coding #Enthusiasm                   ,30,60, Positive  , USA 
34, Feeling inspired after attending a workshop.       , WorkshopAttendee, Instagram , #Inspiration #Workshop                  ,25,50, Positive  ,USA
35, Winter sports day at the local park.               , WinterSports  , Twitter  , #WinterSports #Fun                     ,15,30, Positive  , Canada   
36, Quality time with family this weekend.             , FamilyTime   , Facebook , #FamilyTime #Weekend                    ,22,45, Positive  , UK        
37, Attending a live music concert tonight.            , MusicLover   , Instagram , #Music #ConcertNight                  ,18,35, Positive  , USA 
38, Practicing mindfulness with meditation.            , MindfulMoments, Twitter  , #Mindfulness #Meditation               ,15,30, Positive  , India    
39, Trying out a new dessert recipe.                   , DessertExplorer, Facebook , #Dessert #Cooking                      ,12,25, Positive  , Canada 
40, Excited about the upcoming gaming tournament.      , GamingEnthusiast, Instagram , #Gaming #Tournament                     ,30,60, Positive  ,USA
41, Planning a garden makeover for spring.             , GardenPlanner , Twitter  , #Gardening #Spring                     ,25,50, Positive  , USA      
42, Celebrating a friend's birthday tonight! 🎂       , BirthdayBash , Facebook , #Birthday #Celebration                  ,15,30, Positive  , UK 
43, Feeling accomplished after a productive day.       , ProductivityWin, Instagram , #Accomplished #Success               ,22,45, Positive  , India 
44, A cozy evening with a good movie.                 , MovieNight   , Twitter  , #CozyNight #MovieTime                   ,18,35, Positive  , Canada   
45, Exploring local art galleries this weekend.        , ArtExplorer  , Facebook , #Art #GalleryExplore                    ,15,30, Positive  , USA      
46, New book release from my favorite author!          , BookwormX    , Instagram , #BookRelease #FavoriteAuthor           ,12,25, Positive  , UK   
47, Attending a virtual reality meetup.                , VRMeetup     , Twitter  , #VRMeetup #VirtualReality               ,28,55, Positive  , India    
48, Reflecting on the beauty of nature.                , NatureLover  , Facebook , #Nature #Reflection                     ,15,30, Positive  , Australia 
49, Cooking a special dinner for loved ones.           , ChefAtHome   , Instagram , #Cooking #SpecialDinner                ,20,40, Positive  , USA       
50, Feeling optimistic about the week ahead.           , OptimisticMindset, Twitter  , #Optimism #NewWeek                     ,15,30, Positive  , Canada   
51, Starting a new fitness challenge tomorrow! 💪     , FitnessChallenge, Facebook , #FitnessChallenge #NewBeginnings       ,22,45, Positive  , UK         
52, Sunday bike ride through scenic trails.           , BikeExplorer  , Instagram , #BikeRide #ScenicTrails                ,18,35, Positive  , USA     
53, Can't believe the injustice happening in our society., SocialJustice   , Twitter  , #Injustice #Angry                            ,20,40, Anger        , Canada     
54, Feeling a sense of fear after watching a thriller movie. , ThrillerFan     , Instagram , #Fear #ThrillerMovie                         ,15,30, Fear         , USA          
55, Heartbroken after hearing the news about a natural disaster. , EmpathyFirst    , Facebook , #Sadness #NaturalDisaster                    ,25,50, Sadness      , India      
56, The state of the world's environment is just disgusting. , EcoAwareness    , Twitter  , #Disgust #Environment                        ,18,35, Disgust      , UK         
57, Pure happiness: celebrating a loved one's achievement! , ProudFriend     , Instagram , #Happiness #Celebration                   ,30,60, Happiness    , USA 
58, Laughter is the best medicine—enjoying a comedy show. , ComedyFan       , Facebook , #Joy #ComedyShow                             ,22,45, Joy          , Canada    
59, Sharing love and positive vibes with everyone! ❤️      , LoveSpreader    , Twitter  , #Love #SpreadLove                            ,15,30, Love         , Australia  
60, An amusing incident brightened up my day!               , AmusedSoul      , Instagram , #Amusement #FunTimes                         ,18,35, Amusement    , UK           
61, Enjoying a quiet evening with a book and some tea.      , BookLoverAgain  , Facebook , #Enjoyment #BookTime                         ,25,50, Enjoyment    , Canada       
62, Admiring the beauty of nature during a peaceful hike.   , NatureAdmirer   , Twitter  , #Admiration #Nature                         ,20,40, Admiration   , USA       
63, Sending affectionate vibes to all my followers!          , AffectionSender , Instagram , #Affection #PositiveVibes                   ,15,30, Affection    ,USA
64, Experiencing awe at the breathtaking sunset.            , AweStruck       , Facebook , #Awe #Breathtaking                          ,22,45, Awe          , Australia   
65, Disappointed with the service at a local restaurant.    , FoodieGoneWrong , Twitter  , #Disappointed #BadService                   ,18,35, Disappointed , India      
66, A surprise gift from a friend made my day!              , HappySurprise   , Instagram , #Surprise #Gift                              ,25,50, Surprise     , USA          
67, Finding acceptance in the midst of life's challenges.   , AcceptanceSeeker, Facebook , #Acceptance #Challenges                     ,15,30, Acceptance   , Canada     
68, Overflowing with adoration for my adorable pet! 🐾      , PetAdorer       , Twitter  , #Adoration #PetLove                         ,22,45, Adoration    , UK        
69, Anticipating a thrilling adventure in the coming weeks. , AdventureAwaits  , Instagram , #Anticipation #Adventure                    ,20,40, Anticipation ,USA
70, A bitter experience turned into a valuable lesson.      , LearnFromBitter , Facebook , #BitterLesson #Growth                      ,18,35, Bitter       , USA       
71, Finding calmness in the midst of a busy day.            , ZenMaster       , Twitter  , #Calmness #PeacefulMind                    ,15,30, Calmness     , India     
72, Confusion clouds my mind as I navigate through decisions., ConfusedMind    , Instagram , #Confusion #DecisionMaking                 ,25,50, Confusion    , UK   
73, Excitement building up for the upcoming vacation!       , VacationDreamer , Facebook , #Excitement #TravelPlans                   ,22,45, Excitement   , Canada    
74, Kindness witnessed today restored my faith in humanity. , KindnessPrevails, Twitter  , #Kindness #Humanity                        ,20,40, Kind         , USA       
75, Pride in achieving a personal milestone.               , PersonalAchiever, Instagram , #Pride #Milestone                           ,30,60, Pride        , Australia    
76, A moment of shame for not standing up against injustice. , ReflectiveSelf  , Facebook , #Shame #Injustice                           ,15,30, Shame        , India      
77, Fuming with anger after a heated argument.            , AngryDebater    , Twitter  , #Anger #Argument                             ,20,40, Anger        , Canada     
78, The fear of the unknown is keeping me up at night.    , FearfulDreamer  , Instagram , #Fear #Unknown                               ,15,30, Fear         , USA          
79, Heartfelt sadness after bidding farewell to a dear friend. , FarewellHeart   , Facebook , #Sadness #Farewell                          ,25,50, Sadness      , India      
80, The state of corruption in our society is utterly disgusting. , AntiCorruption  , Twitter  , #Disgust #Corruption                         ,18,35, Disgust      , UK         
81, Overflowing happiness: welcoming a new family member!  , NewParentJoy    , Instagram , #Happiness #NewFamilyMember                 ,30,60, Happiness    , UK           
82, Laughter is the key to joy—attending a stand-up comedy show. , StandUpFan      , Facebook , #Joy #StandUpComedy                         ,22,45, Joy          , Canada    
83, Sending love to all my followers on this beautiful day! ❤️ , LoveSender      , Twitter  , #Love #SpreadLove                            ,15,30, Love         , Australia  
84, Amused by the antics of my pet—it's pure amusement!      , PetAmuser       , Instagram , #Amusement #PetAntics                       ,18,35, Amusement    , UK           
85, Enjoying every moment of this trip—pure enjoyment!      , TravelExplorer  , Facebook , #Enjoyment #Travel                           ,25,50, Enjoyment    , USA 
86, Admiring the dedication of volunteers at a local charity. , CharityAdmirer  , Twitter  , #Admiration #Volunteers                     ,20,40, Admiration   , USA        
87, Sending affectionate vibes to friends and family.        , FamilyLover     , Instagram , #Affection #FamilyLove                      ,15,30, Affection    ,USA
88, Awe-struck by the beauty of the night sky.               , Stargazer       , Facebook , #Awe #StarryNight                        ,22,45, Awe          , Australia 
89, Disappointed with the lack of progress in a personal project. , ProjectStruggle , Twitter  , #Disappointed #Project                     ,18,35, Disappointed , India      
90, A surprise visit from an old friend brought tears of joy. , JoyfulReunion   , Instagram , #Surprise #OldFriends                       ,25,50, Surprise     , USA          
91, Embracing acceptance of life's ups and downs.           , LifeAcceptance  , Facebook , #Acceptance #LifeJourney                   ,15,30, Acceptance   , Canada     
92, Overflowing adoration for a cute rescue puppy! 🐶       , PuppyAdmirer    , Twitter  , #Adoration #PuppyLove                       ,22,45, Adoration    , UK         
93, Anticipating the release of a much-awaited movie.       , MovieBuff2      , Instagram , #Anticipation #MovieRelease                 ,20,40, Anticipation , Australia    
94, Bitter experience at the customer service department.   , CustomerWoes    , Facebook , #BitterExperience #CustomerService         ,18,35, Bitter       , USA       
95, Finding calmness amidst the chaos of daily life.        , CalmSoul        , Twitter  , #Calmness #InnerPeace                      ,15,30, Calmness     , India     
96, Confusion reigns as I try to make sense of recent events., ConfusedMind2   , Instagram , #Confusion #MakingSense                    ,25,50, Confusion    , UK   
97, Excitement building up for a surprise birthday party.   , BirthdayExcite  , Facebook , #Excitement #SurpriseParty                 ,22,45, Excitement   , Canada 
98, Witnessed an act of kindness that made my day.          , KindnessObserver, Twitter  , #Kindness #ActsOfKindness                  ,20,40, Kind         , USA       
99, Pride in completing a challenging fitness challenge.    , FitAchiever     , Instagram , #Pride #FitnessChallengeCompleted          ,30,60, Pride        , UK            
100, A moment of shame for not speaking up against injustice., ReflectiveSelf2 , Facebook , #Shame #Injustice                           ,15,30, Shame        , India     
101, Reflecting on the beauty of diversity in our world.     , DiversityLover  , Twitter  , #Acceptance #Diversity                      ,22,45, Acceptance   , Australia 
102, Excitement for a quiet evening with a good book.        , BookwormJoy     , Instagram , #Excitement #BookTime                       ,18,35, Excitement   , USA          
103, Feeling bitter about the unfairness in the workplace.   , WorkplaceWoes   , Twitter  , #Bitter #Unfairness                         ,15,30, Bitter       , Canada    
104, Calmness prevails as I practice mindfulness.            , MindfulMe       , Facebook , #Calmness #Mindfulness                      ,15,30, Calmness     , UK        
105, Confusion surrounds me as I navigate through life's choices. , ConfusedMind3   , Instagram , #Confusion #LifeChoices                     ,30,60, Confusion , USA   
106, Excitement for a weekend road trip to explore new places. , RoadTripper2    , Twitter  , #Excitement #WeekendAdventure               ,25,50, Excitement , India     
107, Kindness witnessed today restores my faith in humanity.  , KindnessPrevails2, Facebook , #Kindness #HumanityRestored                 ,22,45, Kind         , USA       
108, Pride in accomplishing personal and professional goals.  , GoalAchiever    , Instagram , #Pride #Accomplishments                     ,12,25, Pride        , Canada 
109, Shame for not being true to my values in a difficult situation., ReflectiveSelf3 , Twitter  , #Shame #Integrity                           ,15,30, Shame , UK        
110," Revisiting old memories, feeling a sense of elation. ", NostalgiaFan    , Twitter  , #Elation #Memories                             ,20,40, Elation       , Canada    
111, The victory of our team brought euphoria to the city. , SportsFanatic   , Instagram , #Euphoria #Victory                             ,15,30, Euphoria      , USA      
112," Embracing the beauty of nature, a moment of contentment. ", NatureLover2    , Facebook , #Contentment #Nature                           ,25,50, Contentment   , India       
113," Meditating by the serene lake, finding inner peace.   ", ZenMaster2      , Twitter  , #Serenity #Meditation                          ,18,35, Serenity      , UK          
114, Overflowing with gratitude for life's blessings.      , ThankfulHeart   , Instagram , #Gratitude #Blessed                            ,30,60, Gratitude     , Australia   
115," Hopeful for a brighter tomorrow, despite challenges.  ", OptimisticSoul  , Facebook , #Hope #Optimism                                ,22,45, Hope          , USA      
116, Empowered to make a difference in my community.        , CommunityLeader , Twitter  , #Empowerment #Community                        ,15,30, Empowerment   , UK       
117, Compassion in action: supporting a local charity event. , CharitySupporter, Instagram , #Compassion #CharityEvent                   ,18,35, Compassion    , Canada 
118," A moment of tenderness, connecting with loved ones.    ", LovingHeart     , Facebook , #Tenderness #FamilyTime                       ,25,50, Tenderness    , UK          
119, Arousal of excitement as I await a special announcement., ExcitementFan   , Twitter  , #Arousal #Excitement                           ,20,40, Arousal       , Australia 
120, Enthusiastically diving into a new project.            , ProjectEnthusiast, Instagram , #Enthusiasm #NewProject                       ,15,30, Enthusiasm    , USA  
121, Feeling a sense of fulfillment after reaching a milestone., MilestoneAchiever, Facebook , #Fulfillment #Milestone                       ,22,45, Fulfillment  , India     
122, Reverence for the beauty of a historic landmark.       , HistoryLover    , Twitter  , #Reverence #History                           ,18,35, Reverence     , UK      
123, Elation after a surprise reunion with old friends.    , JoyfulReunion2  , Instagram , #Elation #OldFriends                          ,25,50, Elation       , Canada      
124, The euphoria of a live music concert under the stars.  , MusicEnthusiast , Facebook , #Euphoria #LiveMusic                          ,15,30, Euphoria      , USA 
125, Contentment in the simplicity of a quiet Sunday.       , SimpleJoys      , Twitter  , #Contentment #SundayMood                      ,30,60, Contentment   , Australia 
126, Serenity found in the pages of a favorite book.        , BookLover3      , Instagram , #Serenity #BookTime                           ,22,45, Serenity      , UK          
127, Gratitude for the support received during tough times. , SupportiveFriend, Facebook , #Gratitude #Supportive                        ,15,30, Gratitude     , India     
128, Hopeful about the possibilities of a new journey.      , JourneyOptimist , Twitter  , #Hope #NewBeginnings                          ,18,35, Hope          , Canada    
129, Empowerment through learning and personal growth.      , GrowthSeeker    , Instagram , #Empowerment #PersonalGrowth                  ,25,50, Empowerment   ,USA
130, Compassion towards those in need during the holidays.  , HolidayHelper   , Facebook , #Compassion #HolidaySupport                   ,18,35, Compassion    , USA      
131, Tenderness in the warmth of a cozy winter evening.     , WinterWarmth    , Twitter  , #Tenderness #CozyEvening                     ,25,50, Tenderness    , UK       
132, Arousal of excitement for an upcoming adventure.       , AdventureAwaits , Instagram , #Arousal #AdventureTime                       ,20,40, Arousal       , Australia 
133, Enthusiasm for a creative project in the making.       , CreativeSpirit  , Facebook , #Enthusiasm #Creativity                       ,15,30, Enthusiasm    , Canada    
134, Fulfillment in completing a challenging workout routine., FitnessAchiever , Twitter  , #Fulfillment #FitnessGoals                   ,22,45, Fulfillment  , India     
135, Reverence for the artistry displayed in a museum.      , ArtAppreciator  , Instagram , #Reverence #ArtAppreciation                  ,18,35, Reverence     , UK        
136, Elation after achieving a personal goal.               , GoalAchiever2   , Facebook , #Elation #PersonalAchievement                ,25,50, Elation       , USA      
137, Elation over discovering a hidden gem in the city.   , UrbanExplorer2  , Twitter  , #Elation #HiddenGem                            ,20,40, Elation       , USA      
138, The euphoria of a surprise birthday celebration.     , BirthdayJoy     , Instagram , #Euphoria #BirthdaySurprise                   ,15,30, Euphoria      , UK   
139, Contentment in the simplicity of a home-cooked meal. , HomeChef        , Facebook , #Contentment #HomeCooking                     ,25,50, Contentment   , India    
140, Serenity found in the melody of a peaceful piano.    , MusicLover4     , Twitter  , #Serenity #PeacefulMelody                    ,18,35, Serenity      , Canada      
141, Gratitude for the supportive community around me.    , CommunityLove   , Instagram , #Gratitude #CommunitySupport                   ,30,60, Gratitude     , USA 
142, Hopeful about the prospects of a new business venture., EntrepreneurHope, Facebook , #Hope #BusinessVenture                        ,22,45, Hope          , Canada    
143, Empowerment through mentoring and guiding others.    , MentorEmpower   , Twitter  , #Empowerment #Mentorship                      ,15,30, Empowerment   , UK       
144, Compassion shown through acts of kindness in the community., KindnessInAction, Instagram , #Compassion #CommunityKindness               ,18,35, Compassion, Australia 
145, Tenderness in a heartfelt message to a loved one.    , LoveExpress     , Facebook , #Tenderness #LoveNote                         ,25,50, Tenderness    , UK          
146, Arousal of excitement before a much-awaited trip.    , TravelExcitement, Twitter  , #Arousal #TravelAdventure                     ,20,40, Arousal       , India    
147, Enthusiasm for a new artistic project in the works.  , ArtisticSpirit  , Instagram , #Enthusiasm #ArtisticProject                 ,15,30, Enthusiasm    , USA       
148, Feeling a sense of fulfillment after helping others. , HelperHeart     , Facebook , #Fulfillment #HelpingOthers                  ,22,45, Fulfillment   , Canada    
149, Reverence for the historical significance of a landmark., HistoryBuff     , Twitter  , #Reverence #HistoricalSite                   ,18,35, Reverence , Australia 
150, Elation after achieving a fitness milestone.         , FitnessAchiever2, Instagram , #Elation #FitnessMilestone                   ,25,50, Elation       , UK           
151, The euphoria of a successful product launch.         , ProductLaunchJoy, Facebook , #Euphoria #ProductLaunchSuccess              ,15,30, Euphoria      , USA       
152, Contentment in the embrace of a loved one.           , LovingEmbrace   , Twitter  , #Contentment #Love                             ,30,60, Contentment   , India    
153, Serenity found in the beauty of a sunset by the sea.  , SunsetWatcher2  , Instagram , #Serenity #SunsetViews                       ,22,45, Serenity      , Canada     
154, Gratitude for the small joys that each day brings.   , JoyfulHeart2    , Facebook , #Gratitude #SmallJoys                        ,15,30, Gratitude     , Australia   
155, Hopeful about the potential for personal growth.      , GrowthOptimist  , Twitter  , #Hope #PersonalDevelopment                    ,18,35, Hope          , UK       
156, Empowerment through learning a new skill.            , SkillEmpower    , Instagram , #Empowerment #SkillBuilding                   ,25,50, Empowerment   , India   
157, Compassion in volunteering for a local charity.       , CharityVolunteer, Facebook , #Compassion #VolunteerWork                   ,18,35, Compassion    , USA      
158, Tenderness in a quiet moment shared with a pet.      , PetLove         , Twitter  , #Tenderness #PetLove                          ,25,50, Tenderness    , Canada   
159, Arousal of excitement for an upcoming festival.       , FestivalFan     , Instagram , #Arousal #FestivalExcitement               ,20,40, Arousal       , UK 
160, Enthusiasm for a DIY home improvement project.       , DIYEnthusiast   , Facebook , #Enthusiasm #HomeImprovement                 ,15,30, Enthusiasm    , Australia   
161, Fulfillment in completing a challenging puzzle.      , PuzzleMaster    , Twitter  , #Fulfillment #PuzzleChallenge                ,22,45, Fulfillment   , India    
162, Reverence for the wonders of nature on a hiking trail., NatureAdmirer   , Instagram , #Reverence #NatureExploration                ,18,35, Reverence , USA        
163, Elation after a surprise reunion with a childhood friend., ChildhoodJoy    , Facebook , #Elation #FriendshipReunion                  ,25,50, Elation   , Canada      
164, Suffering from despair after another setback.      , StrugglingSoul    , Twitter  , #Despair #Struggle                              ,5,10, Despair         , USA          
165," Overwhelmed by grief, missing a loved one dearly.  ", MourningHeart     , Instagram , #Grief #Loss                                   ,8,15, Grief           , Canada          
166, Loneliness creeps in as the night grows colder.    , SolitarySoul      , Facebook , #Loneliness #Isolation                         ,10,20, Loneliness      , UK           
167, Jealousy consumes me as I witness others' success. , EnviousObserver   , Twitter  , #Jealousy #Envy                               ,12,25, Jealousy        , India        
168, Resentment building up over past betrayals.        , BitterHeart       , Instagram , #Resentment #Bitterness                       ,7,15, Resentment      , Australia     
169, Frustration mounts as obstacles block my path.     , BlockedGoals      , Facebook , #Frustration #Obstacles                       ,10,20, Frustration     , USA          
170," Boredom sets in, the day feels endlessly dull.     ", BoredMind         , Twitter  , #Boredom #LackOfInterest                     ,8,15, Boredom         , Canada        
171," Anxiety grips my heart, worry clouds my thoughts.  ", WorriedMind       , Instagram , #Anxiety #Worry                               ,12,25, Anxiety         , UK           
172, Intimidation by the unknown future ahead.          , FearfulSoul       , Facebook , #Intimidation #Fear                           ,15,30, Intimidation    , India        
173, Helplessness sinks in as challenges pile up.       , OverwhelmedHeart  , Twitter  , #Helplessness #Overwhelmed                    ,8,15, Helplessness    , Australia    
174, Envy eats away at me as I see others' prosperity.  , CovetousMind     , Instagram , #Envy #Desire                                ,10,20, Envy            , Canada        
175, Regret over missed opportunities haunts my thoughts., RemorsefulSoul   , Facebook , #Regret #MissedChances                       ,12,25, Regret         , UK           
176, Disgust at the sight of injustice and cruelty.     , DisgustedHeart   , Twitter  , #Disgust #Injustice                          ,7,15, Disgust         , India        
177," Drowning in despair, hope slipping through my fingers.", HopelessHeart    , Instagram , #Despair #Hopeless                           ,10,20, Despair      , USA          
178," Grief weighs heavy, tears a constant companion.    ", TearfulSoul      , Facebook , #Grief #Tears                                ,12,25, Grief           , Canada        
179," Loneliness in a crowded room, a silent cry for connection.", IsolatedMind     , Twitter  , #Loneliness #SeekingConnection              ,15,30, Loneliness , UK            
180," Jealousy gnaws at my confidence, a toxic emotion.  ", SelfDoubt        , Instagram , #Jealousy #Insecurity                       ,8,15, Jealousy        , India         
181," Resentment festers, poisoning relationships.       ", BrokenTrust      , Facebook , #Resentment #BrokenTrust                     ,10,20, Resentment      , Australia    
182," Frustration boils over, a volcanic eruption of emotions.", ExplosiveMind    , Twitter  , #Frustration #EmotionalOutburst             ,12,25, Frustration , USA          
183," Boredom settles like dust, life feels mundane.     ", MundaneHeart     , Instagram , #Boredom #Monotony                          ,7,15, Boredom         , Canada        
184," Anxiety grips my chest, a relentless grip on my thoughts.", RestlessMind     , Facebook , #Anxiety #Restlessness                      ,10,20, Anxiety   , UK            
185," Intimidation by the challenges ahead, fear takes hold.", FearfulJourney   , Twitter  , #Intimidation #FacingFear                   ,15,30, Intimidation , India         
186," Helplessness engulfs me, drowning in a sea of problems.", OverwhelmedSoul  , Instagram , #Helplessness #Struggling                   ,8,15, Helplessness , Australia    
187," Envy poisons my thoughts, coveting others' success.", GreenEyedMonster , Facebook , #Envy #Success                              ,10,20, Envy            , Canada        
188, Regret for decisions that led to a painful present., RegretfulMind    , Twitter  , #Regret #PastChoices                        ,12,25, Regret         , USA          
189, Disgust at the corruption that stains society.     , CorruptedHeart   , Instagram , #Disgust #Corruption                        ,7,15, Disgust         , UK            
190," Sinking in despair, each day darker than the last. ", DrowningSoul     , Facebook , #Despair #DarkDays                          ,10,20, Despair         , India         
191," Grief overwhelms, a storm of emotions within.      ", StormyHeart      , Twitter  , #Grief #EmotionalStorm                      ,12,25, Grief           , Canada        
192," Loneliness echoes in empty spaces, yearning for connection.", EchoingSoul     , Instagram , #Loneliness #YearningForConnection         ,15,30, Loneliness , Australia     
193," Jealousy poisons my thoughts, resentment brewing within.", PoisonedMind    , Facebook , #Jealousy #Resentment                       ,8,15, Jealousy    , USA           
194," Resentment festers, a wound that refuses to heal.  ", UnforgivingSoul  , Twitter  , #Resentment #Unforgiving                    ,10,20, Resentment      , India         
195," Frustration escalates, a thunderstorm of emotions. ", ThunderingMind   , Instagram , #Frustration #EmotionalOutburst            ,12,25, Frustration     , UK            
196," Boredom lingers, a stagnant pool of indifference.  ", StagnantHeart    , Facebook , #Boredom #Stagnation                        ,7,15, Boredom         , Canada        
197," Embarking on a journey of discovery, fueled by curiosity and a thirst for knowledge. ", InquisitiveMind   , Twitter  , #Curiosity #Learning                        ,15,30, Curiosity       , USA          
198," Lost in the vast sea of information, an indifferent wave in the digital ocean. ", ApatheticObserver , Instagram , #Indifference #DigitalOverload              ,7,15, Indifference    , Canada          
199," The complex puzzle of life leaves me in a state of perpetual confusion, seeking answers in the chaos. ", SeekingClarity    , Facebook , #Confusion #LifePuzzle                     ,10,20, Confusion       , UK           
200," A numbness settles over me, a shield against the overwhelming emotions life throws my way. ", EmotionallyDistant , Twitter  , #Numbness #EmotionalShield                 ,8,15, Numbness        , India        
201," Gazing at the sunset, a melancholic longing for moments that slip through the fingers of time. ", SunsetDreamer     , Instagram , #Melancholy #SunsetMoments                 ,12,25, Melancholy      , Australia     
202," Revisiting old photographs, caught in the embrace of nostalgia's bittersweet symphony. ", MemoryLaneTraveler , Facebook , #Nostalgia #MemoryLane                     ,10,20, Nostalgia       , USA          
203," Torn between conflicting emotions, an ambivalence that paints my decisions in shades of uncertainty. ", MixedFeelings     , Twitter  , #Ambivalence #UncertainChoices             ,12,25, Ambivalence     , Canada        
204," Embracing the ebb and flow of life, finding acceptance in the dance of existence. ", ZenLifestyle      , Instagram , #Acceptance #LifeJourney                   ,15,30, Acceptance      , UK           
205," Facing challenges head-on, a determination that fuels the fire within to achieve the impossible. ", ResilientSpirit   , Facebook , #Determination #AchieveTheImpossible       ,10,20, Determination   , India        
206," Serenity found in the stillness of nature, a tranquil retreat from the chaos of the modern world. ", NatureSoul        , Twitter  , #Serenity #NatureRetreat                   ,12,25, Serenity        , Australia    
207," Curiosity leading me down the rabbit hole of knowledge, a perpetual student in life's classroom. ", EternalLearner    , Instagram , #Curiosity #KnowledgeQuest                ,20,40, Curiosity       , USA          
208," Floating through the day with an air of indifference, detached from the mundane happenings around. ", AloofObserver     , Facebook , #Indifference #FloatingThroughLife        ,10,20, Indifference    , Canada        
209," Entangled in the web of thoughts, confusion reigning as I navigate the labyrinth of ideas. ", ThoughtExplorer   , Twitter  , #Confusion #ThoughtLabyrinth              ,15,30, Confusion       , UK            
210," Numb to the chaos, emotions locked away, a stoic facade concealing the inner turmoil. ", StoicSoul         , Instagram , #Numbness #StoicFacade                    ,8,15, Numbness        , Australia     
211," Melancholy whispers in the breeze, a silent conversation with the echoes of forgotten dreams. ", DreamerInSilence  , Facebook , #Melancholy #WhispersInTheBreeze         ,12,25, Melancholy      , India         
212," Stumbling upon an old journal, nostalgia flooding in waves, carrying me to moments long gone. ", JournalKeeper     , Twitter  , #Nostalgia #JournalMoments               ,10,20, Nostalgia       , Canada        
213," A tapestry of conflicting feelings, weaving through uncertainty, caught in the threads of ambivalence. ", ThreadWeaver      , Instagram , #Ambivalence #ConflictingFeelings        ,12,25, Ambivalence     , UK            
214," Embracing the flaws, finding acceptance in imperfection, a journey towards self-love. ", SelfLoveAdvocate  , Facebook , #Acceptance #SelfLoveJourney              ,15,30, Acceptance      , Australia    
215," Determination burning like a wildfire, overcoming obstacles, turning dreams into reality. ", DreamChaser       , Twitter  , #Determination #DreamsIntoReality        ,18,35, Determination   , USA          
216," Tranquil moments by the ocean, serenity washing over, a peaceful retreat within the waves' embrace. ", OceanSoul         , Instagram , #Serenity #OceanRetreat                   ,25,50, Serenity        , Canada        
217," Exploring new horizons with the spark of curiosity, an adventurer in the vast landscape of knowledge. ", HorizonExplorer   , Facebook , #Curiosity #NewHorizons                  ,22,45, Curiosity       , India         
218," Drifting through the day with a nonchalant demeanor, embracing the art of indifference. ", NonchalantSpirit  , Twitter  , #Indifference #DriftingThroughLife       ,9,18, Indifference    , UK            
219," Wrestling with thoughts, a perplexed mind lost in the labyrinth of life's complexities. ", ComplexThinker    , Instagram , #Confusion #PerplexedMind                ,14,28, Confusion       , Australia    
220," Immersed in a state of emotional numbness, a shield against the storm of daily struggles. ", ShieldedHeart     , Facebook , #Numbness #EmotionalShield               ,10,20, Numbness        , USA          
221," A melancholic symphony playing in the background, the soundtrack of a wistful heart. ", SymphonySoul      , Twitter  , #Melancholy #WistfulHeart                ,13,26, Melancholy      , Canada        
222," Flipping through the pages of an old yearbook, nostalgia painting smiles and tears on my face. ", YearbookExplorer  , Instagram , #Nostalgia #YearbookMemories            ,12,25, Nostalgia       , India         
223," Torn between opposing emotions, an ambivalence that colors my decisions with shades of uncertainty. ", DecisiveDilemma   , Facebook , #Ambivalence #ShadesOfUncertainty       ,15,30, Ambivalence     , Australia    
224," Embracing life's imperfections, finding acceptance in the journey, scars and all. ", ImperfectHarmony  , Twitter  , #Acceptance #ImperfectJourney            ,18,36, Acceptance      , Canada        
225," A fiery determination burning within, fueled by the vision of reaching unparalleled heights. ", VisionarySpirit   , Instagram , #Determination #UnparalleledHeights      ,20,40, Determination   , UK            
226," Basking in the serenity of a quiet forest, where the whispers of nature bring peace to the soul. ", ForestDreamer     , Facebook , #Serenity #NatureWhispers                ,25,50, Serenity        , USA          
227," Indifferent to the noise of the world, a silent observer in the midst of life's cacophony. ", SilentSpectator   , Instagram , #Indifference #SilentObserver            ,9,18, Indifference    , India         
228," Navigating through the labyrinth of thoughts, confusion a constant companion in the maze of ideas. ", MazeNavigator     , Facebook , #Confusion #ThoughtLabyrinth              ,14,28, Confusion       , Australia    
229," An impenetrable numbness shields me from the emotional storms, a fortress of stoic resilience. ", ResilientFortress , Twitter  , #Numbness #StoicResilience               ,11,22, Numbness        , UK            
230," Melancholy painting the world in hues of nostalgia, a canvas of bittersweet memories. ", CanvasDreamer     , Instagram , #Melancholy #BittersweetMemories         ,13,26, Melancholy      , USA          
231," A journey into the past, flipping through the pages of an old diary, nostalgia taking the lead. ", DiaryExplorer     , Facebook , #Nostalgia #DiaryJourney                 ,12,25, Nostalgia       , Canada        
232," Ambivalence clouding decisions, caught in the crossroads of conflicting emotions. ", CrossroadsTraveler , Twitter  , #Ambivalence #ConflictingEmotions        ,15,30, Ambivalence     , India         
233," Embracing imperfections, finding acceptance in the mosaic of life's beautiful chaos. ", MosaicDreamer     , Instagram , #Acceptance #BeautifulChaos              ,18,36, Acceptance      , Australia     
234," Determination as the driving force, propelling me forward on the path to extraordinary achievements. ", PathfinderSpirit  , Facebook , #Determination #ExtraordinaryPath        ,20,40, Determination   , USA          
235," Seeking serenity in the melody of raindrops, a tranquil escape from the noise of everyday life. ", RaindropHarmony   , Twitter  , #Serenity #RaindropMelody                ,25,50, Serenity        , Canada        
236," Curiosity driving the exploration of the unknown, a seeker of knowledge in uncharted territories. ", SeekerOfUnknowns  , Instagram , #Curiosity #SeekerOfKnowledge            ,22,45, Curiosity       , UK            
237," Drifting through the day with an air of nonchalance, indifferent to the trivialities of life. ", NonchalantWanderer, Facebook , #Indifference #DriftingThroughLife       ,9,18, Indifference    , India         
238," Lost in the labyrinth of thoughts, confusion casting shadows on the quest for clarity. ", ShadowedSeeker    , Twitter  , #Confusion #LabyrinthOfThoughts          ,14,28, Confusion       , Australia    
239," Wrapped in the cloak of emotional numbness, a shield against the storms of life's turbulence. ", TurbulentShield   , Instagram , #Numbness #EmotionalStorms               ,10,20, Numbness        , Canada        
240," Melancholy as a companion, painting the canvas of life with the brushstrokes of wistful yearning. ", WistfulPainter    , Facebook , #Melancholy #WistfulYearning             ,13,26, Melancholy      , UK            
241," Leafing through the pages of an old photo album, nostalgia weaving tales of laughter and tears. ", TaleWeaver        , Twitter  , #Nostalgia #PhotoAlbumStories            ,12,25, Nostalgia       , USA          
242," Ambivalence in the air, caught between the crossroads of conflicting emotions and decisions. ", CrossroadsExplorer, Instagram , #Ambivalence #CrossroadsConfusion        ,15,30, Ambivalence     , Canada        
243," Embracing the beauty in imperfections, finding acceptance in the mosaic of life's unpredictable art. ", MosaicArtist      , Facebook , #Acceptance #UnpredictableArt            ,18,36, Acceptance      , Australia    
244," Determination ablaze, forging a path through challenges, sculpting dreams into tangible realities. ", DreamSculptor     , Twitter  , #Determination #SculptingDreams          ,20,40, Determination   , UK            
245," Immerse in the serenity of a moonlit night, where the quiet whispers of nature bring peace to the soul. ", MoonlitSoul       , Instagram , #Serenity #MoonlitPeace                  ,25,50, Serenity        , USA          
246," Fueled by curiosity, venturing into uncharted realms, a fearless explorer of the mysteries of the world. ", FearlessExplorer  , Facebook , #Curiosity #FearlessExplorer              ,22,44, Curiosity       , India         
247,"Wrapped in the cloak of emotional numbness, a shield against the storms of life's turbulence. ", TurbulentShield , Instagram , #Numbness #EmotionalStorms ,10,20, Numbness , Canada 
248," Dancing through life with the exuberance of a carefree spirit, embracing joy and zest at every turn. ", JoyfulDancer , Twitter , #Zest #CarefreeSpirit ,15,30, Zest , USA 
249," Basking in the golden glow of contentment, a serene river flowing through the landscape of the heart. ", SereneBasker , Facebook , #Contentment #GoldenGlow ,18,36, Contentment , Australia 
250," Gazing towards the horizon with hopeful eyes, painting a canvas of dreams illuminated by the sun of optimism. ", DreamPainter , Instagram , #Hopeful #CanvasOfDreams ,12,24, Hopeful , India 
251," Standing tall, proud as an oak, the branches of achievement reaching towards the sky of accomplishment. ", OakAchiever , Twitter , #Proud #BranchesOfAchievement ,25,50, Proud , Canada 
252," A heart overflowing with gratitude, a garden where appreciation blooms in the soil of kindness and connection. ", HeartGardener , Facebook , #Grateful #BlossomingConnection ,20,40, Grateful , USA 
253," Extending a hand, empathetic threads weaving a tapestry of understanding, embracing the joys and sorrows of others. ", ThreadWeaver , Instagram , #Empathetic #TapestryOfUnderstanding ,15,30, Empathetic , UK 
254," Compassionate clouds, heavy with care, showering empathy on the parched grounds of human suffering. ", CloudCaretaker , Twitter , #Compassionate #ShowerOfEmpathy ,18,36, Compassionate , Australia 
255," Playfully dancing in the rain of laughter, a whimsical spirit twirling in the puddles of joy and lightheartedness. ", RainDancer , Facebook , #Playful #DanceInTheRain ,22,44, Playful , Canada 
256," Soaring on the wings of a free spirit, unburdened by the chains of conformity, painting the sky with independence. ", SkyPainter , Instagram , #FreeSpirit #PaintingTheSky ,20,40, Free-spirited , India 
257," Bathed in the glow of inspiration, a creative phoenix rising from the ashes of ordinary thoughts to explore new realms. ", PhoenixExplorer , Twitter , #Inspired #CreativePhoenix ,15,30, Inspired , UK 
258," Navigating the sea of hope, sailing towards the sunrise of possibilities, confident in the ship of positive anticipation. ", SunriseNavigator , Facebook , #Hopeful #SunriseOfPossibilities ,12,24, Hopeful , USA 
259," Striding with confidence, footprints of self-assuredness imprinted on the sands of challenges conquered and victories claimed. ", SandStrider , Instagram , #Confident #FootprintsOfAssuredness ,25,50, Confident , Australia 
260," Lost in the symphony of the night, a moonlit serenade that whispers tales of wanderlust and moonlit dreams. ", NightSerenader , Twitter , #Serenity #MoonlitSerenade ,13,26, Serenity , Canada 
261," Unveiling the layers of curiosity, a labyrinth of questions leading to the treasure troves of undiscovered knowledge. ", KnowledgeSeeker , Instagram , #Curiosity #LabyrinthOfQuestions ,17,34, Curiosity , USA 
262," In the embrace of the autumn breeze, leaves of ambivalence dancing in a waltz between choices and uncertainties. ", BreezeWaltzer , Facebook , #Ambivalence #AutumnWaltz ,14,28, Ambivalence , UK 
263," Gratitude as a guiding star, navigating the constellation of blessings in the vast universe of life's precious moments. ", StarNavigator , Twitter , #Grateful #GuidingStar ,19,38, Grateful , Australia 
264," With a zestful heart, sprinting through fields of enthusiasm, chasing sunbeams and laughter in the meadows of joy. ", MeadowSprinter , Instagram , #Zest #FieldsOfEnthusiasm ,16,32, Zest , India 
265," A compassionate rain, tears of empathy falling gently, nurturing the seeds of kindness in the garden of human connections. ", RainNurturer , Facebook , #Compassionate #TearsOfEmpathy ,21,42, Compassionate , Canada 
266," Proudly scaling the peaks of achievement, a mountaineer conquering challenges and planting the flag of success. ", PeakConqueror , Twitter , #Proud #ScalingPeaks ,23,46, Proud , USA 
267," Embraced by the hopeful dawn, a gardener sowing seeds of optimism, tending to the blooms of a brighter tomorrow. ", DawnGardener , Instagram , #Hopeful #SeedsOfOptimism ,14,28, Hopeful , UK 
268," A playful escapade in the carnival of life, carousel laughter and cotton candy dreams swirling in the joyous atmosphere. ", CarnivalDreamer , Facebook , #Playful #CarnivalEscapade ,24,48, Playful , Australia 
269," Floating on clouds of inspiration, an artist painting the sky with strokes of creativity, creating a masterpiece of dreams. ", SkyArtist , Twitter , #Inspired #CloudsOfCreativity ,18,36, Inspired , India 
270," Navigating the river of contentment, a serene boat cruise through the tranquil waters of inner peace and acceptance. ", RiverNavigator , Instagram , #Contentment #TranquilWaters ,20,40, Contentment , Canada 
271," With empathy as a lantern, wandering through the dark alleys of sorrow, illuminating the path with compassion and care. ", LanternWanderer , Facebook , #Empathetic #LanternOfCompassion ,16,32, Empathetic , USA 
272," A free spirit soaring on the wings of dreams, leaving trails of independence in the azure sky of boundless possibilities. ", DreamSoarer , Twitter , #FreeSpirit #WingsOfDreams ,22,44, Free-spirited , UK 
273," Bathed in the golden hues of gratefulness, a sunset of appreciation casting its warm glow on the landscapes of the heart. ", SunsetAdmirer , Instagram , #Grateful #GoldenHues ,19,38, Grateful , Australia 
274," Confident strides in the dance of life, a ballroom where self-assuredness leads, twirling through challenges with grace. ", DanceStrider , Facebook , #Confident #DanceOfLife ,23,46, Confident , Canada 
275," Hopeful whispers of wind, carrying the promises of a brighter tomorrow, a symphony of optimism in the air of possibilities. ", WindWhisperer , Twitter , #Hopeful #BrighterTomorrows ,15,30, Hopeful , India 
276," Playfully juggling responsibilities, a circus performer balancing the acts of work and joy, tossing laughter into the air. ", JugglingArtist , Instagram , #Playful #JugglingResponsibilities ,25,50, Playful , USA 
277," Whispering tales of inspiration to the stars, a storyteller crafting constellations from the threads of imagination. ", StarStoryteller , Facebook , #Inspired #TalesToTheStars ,14,28, Inspired , UK 
278," Charting a course through the waves of hopeful anticipation, a sailor steering towards the shores of dreams yet unexplored. ", WaveNavigator , Twitter , #Hopeful #SailorOfDreams ,17,34, Hopeful , Australia 
279," A compassionate rain, tears of empathy falling gently, nurturing the seeds of kindness in the garden of human connections. ", RainNurturer , Instagram , #Compassionate #TearsOfEmpathy ,21,42, Compassionate , Canada 
280," Proudly scaling the peaks of achievement, a mountaineer conquering challenges and planting the flag of success. ", PeakConqueror , Twitter , #Proud #ScalingPeaks ,23,46, Proud , USA 
281," Embraced by the hopeful dawn, a gardener sowing seeds of optimism, tending to the blooms of a brighter tomorrow. ", DawnGardener , Instagram , #Hopeful #SeedsOfOptimism ,14,28, Hopeful , UK 
282," A playful escapade in the carnival of life, carousel laughter and cotton candy dreams swirling in the joyous atmosphere. ", CarnivalDreamer , Facebook , #Playful #CarnivalEscapade ,24,48, Playful , Australia 
283," Floating on clouds of inspiration, an artist painting the sky with strokes of creativity, creating a masterpiece of dreams. ", SkyArtist , Twitter , #Inspired #CloudsOfCreativity ,18,36, Inspired , India 
284," Navigating the river of contentment, a serene boat cruise through the tranquil waters of inner peace and acceptance. ", RiverNavigator , Instagram , #Contentment #TranquilWaters ,20,40, Contentment , Canada 
285," With empathy as a lantern, wandering through the dark alleys of sorrow, illuminating the path with compassion and care. ", LanternWanderer , Facebook , #Empathetic #LanternOfCompassion ,16,32, Empathetic , USA 
286," A free spirit soaring on the wings of dreams, leaving trails of independence in the azure sky of boundless possibilities. ", DreamSoarer , Twitter , #FreeSpirit #WingsOfDreams ,22,44, Free-spirited , UK 
287," Bathed in the golden hues of gratefulness, a sunset of appreciation casting its warm glow on the landscapes of the heart. ", SunsetAdmirer , Instagram , #Grateful #GoldenHues ,19,38, Grateful , Australia 
288," Confident strides in the dance of life, a ballroom where self-assuredness leads, twirling through challenges with grace. ", DanceStrider , Facebook , #Confident #DanceOfLife ,23,46, Confident , Canada 
289," Hopeful whispers of wind, carrying the promises of a brighter tomorrow, a symphony of optimism in the air of possibilities. ", WindWhisperer , Twitter , #Hopeful #BrighterTomorrows ,15,30, Hopeful , India 
290," Playfully juggling responsibilities, a circus performer balancing the acts of work and joy, tossing laughter into the air. ", JugglingArtist , Instagram , #Playful #JugglingResponsibilities ,25,50, Playful , USA 
291," Whispering tales of inspiration to the stars, a storyteller crafting constellations from the threads of imagination. ", StarStoryteller , Facebook , #Inspired #TalesToTheStars ,14,28, Inspired , UK 
292," Charting a course through the waves of hopeful anticipation, a sailor steering towards the shores of dreams yet unexplored. ", WaveNavigator , Twitter , #Hopeful #SailorOfDreams ,17,34, Hopeful , Australia 
293," A compassionate rain, tears of empathy falling gently, nurturing the seeds of kindness in the garden of human connections. ", RainNurturer , Instagram , #Compassionate #TearsOfEmpathy ,21,42, Compassionate , Canada 
294," Proudly scaling the peaks of achievement, a mountaineer conquering challenges and planting the flag of success. ", PeakConqueror , Twitter , #Proud #ScalingPeaks ,23,46, Proud , USA 
295," Embraced by the hopeful dawn, a gardener sowing seeds of optimism, tending to the blooms of a brighter tomorrow. ", DawnGardener , Instagram , #Hopeful #SeedsOfOptimism ,14,28, Hopeful , India 
296," A playful escapade in the carnival of life, carousel laughter and cotton candy dreams swirling in the joyous atmosphere. ", CarnivalDreamer , Facebook , #Playful #CarnivalEscapade ,24,48, Playful , Australia 
297," Drowning in the abyss of despair, a heart shattered into fragments, lost in the echoing silence of hopelessness. ", ShatteredHeart , Instagram , #Despair #EchoingSilence ,8,16, Despair , Canada 
298," Bitterness festering like a venomous vine, entwining the soul in a web of resentment, poisoning the garden of peace. ", VenomousSoul , Facebook , #Bitterness #ResentmentWeb ,12,24, Bitterness , UK 
299," Wandering through the desert of loneliness, each step a heavy sigh, mirages of connection shimmering but never materializing. ", DesertWanderer , Twitter , #Loneliness #MiragesOfConnection ,15,30, Loneliness , USA 
300," Yearning for a touch that's not there, echoes of a distant warmth haunting the heart in the cold embrace of solitude. ", ColdEmbrace , Instagram , #Yearning #DistantWarmth ,10,20, Yearning , Australia 
301," Eyes wide open in the night, fearful shadows dancing on the walls, the mind a prisoner of imagined horrors. ", NightPrisoner , Facebook , #Fearful #ImaginedHorrors ,18,36, Fearful , India 
302," Apprehensive steps on the tightrope of uncertainty, a balancing act where the fall seems inevitable, anxiety a constant companion. ", TightropeWalker , Twitter , #Apprehensive #BalancingAct ,14,28, Apprehensive , UK 
303," Overwhelmed by the weight of the world, Atlas with trembling shoulders, each responsibility a boulder in the landscape of exhaustion. ", AtlasBearer , Instagram , #Overwhelmed #BouldersOfExhaustion ,22,44, Overwhelmed , Canada 
304," Jealousy, a green-eyed monster, lurking in the shadows, casting a dark cloud over the sunshine of others' success. ", GreenMonster , Facebook , #Jealous #GreenEyedMonster ,16,32, Jealous , USA 
305," Devastated by the storm of betrayal, the wreckage of trust scattered like debris, a heart torn by the winds of broken promises. ", StormSurvivor , Twitter , #Devastated #WindsOfBrokenPromises ,25,50, Devastated , Australia 
306," Frustrated fingers tapping on the keyboard, a symphony of annoyance composing an unsolvable puzzle of unmet expectations. ", PuzzleComposer , Instagram , #Frustrated #UnsolvablePuzzle ,12,24, Frustrated , India 
307," Envious eyes fixated on the gilded prize, a heartache fueled by the painful desire for possessions that seem forever out of reach. ", GildedHeartache , Facebook , #Envious #GildedPrize ,20,40, Envious , USA 
308," Dismissive glances, a fortress built with indifference, walls impenetrable to the pleas of understanding and recognition. ", IndifferentFort , Twitter , #Dismissive #ImpenetrableWalls ,14,28, Dismissive , UK 
309," Shattered dreams lie on the floor like fragments of glass, a mosaic of disappointment crafted by the hands of frustration. ", DreamMosaic , Instagram , #Frustrated #MosaicOfDisappointment ,15,30, Frustrated , Canada 
310," Loneliness, a silent companion in the night, the only echo in the chamber of solitude, a heart's solitary nocturne. ", NocturnalEcho , Facebook , #Loneliness #SolitaryNocturne ,18,36, Loneliness , Australia 
311," Fearful whispers in the dark, the mind haunted by the specter of the unknown, shadows dancing to the rhythm of anxiety's tune. ", DarkWhispers , Twitter , #Fearful #SpecterOfTheUnknown ,13,26, Fearful , UK 
312," Bitterness, a bitter aftertaste lingering on the tongue, each word a reminder of wounds that refuse to heal with the passing of time. ", LingeringTaste , Instagram , #Bitterness #BitterAftertaste ,10,20, Bitterness , India 
313," Overwhelmed by the cacophony of expectations, a drowning soul in the tempest of pressure, struggling to stay afloat. ", TempestSurvivor , Facebook , #Overwhelmed #DrowningSoul ,20,40, Overwhelmed , USA 
314," Jealousy, a venom that seeps through the veins, poisoning the heart and turning it into a breeding ground for discontent. ", VenomousHeart , Twitter , #Jealous #HeartOfDiscontent ,16,32, Jealous , Australia 
315," Devastated by the revelation of betrayal, the trust shattered like fragile glass, leaving shards of pain in its wake. ", FragileTrust , Instagram , #Devastated #ShatteredTrust ,25,50, Devastated , Canada 
316," Frustrated attempts to mend a broken connection, the threads of understanding slipping through the fingers like grains of sand. ", BrokenThreads , Facebook , #Frustrated #SlippingThreads ,14,28, Frustrated , UK 
317," Envious gazes cast upon the podium of success, a bitter pill swallowed, the taste lingering as a constant reminder of unattained heights. ", SuccessPill , Twitter , #Envious #BitterPill ,20,40, Envious , USA 
318," Dismissive gestures, a curtain drawn to shield the vulnerability, a stage where emotions take a backseat to the performance of indifference. ", CurtainShield , Instagram , #Dismissive #IndifferencePerformance ,12,24, Dismissive , Australia 
319," Despair like a heavy fog, enveloping every thought, blurring the path ahead, a journey in the labyrinth of utter hopelessness. ", FoggyLabyrinth , Facebook , #Despair #LabyrinthOfHopelessness ,8,16, Despair , Canada 
320," Bitterness, a bitter chill in the air, freezing moments into icicles of resentment that dangle precariously over the landscape of memory. ", IcyResentment , Twitter , #Bitterness #IciclesOfResentment ,15,30, Bitterness , UK 
321," Loneliness, a solitary moon in a starless sky, casting a cold glow on the landscape of isolation, where echoes bounce in empty spaces. ", SolitaryMoon , Instagram , #Loneliness #StarlessSky ,18,36, Loneliness , USA 
322," Yearning for the warmth of a vanished sun, a heartache painted in the hues of a sunset that never graced the horizon. ", VanishedSunset , Facebook , #Yearning #HuesOfSunset ,10,20, Yearning , Australia 
323," Fearful eyes scanning the shadows, a prisoner of the night, terrorized by the lurking monsters born from the mind's darkest corners. ", NightPrisoner , Twitter , #Fearful #LurkingMonsters ,18,36, Fearful , India 
324," Apprehensive whispers in the wind, a forecast of uncertainty, the mind's weather vane spinning wildly in the storm of doubt. ", WindWhisperer , Instagram , #Apprehensive #StormOfDoubt ,14,28, Apprehensive , Canada 
325," Overwhelmed by the maze of expectations, a minotaur of pressure lurking in the labyrinth, waiting to devour the spirit of resilience. ", MazeExplorer , Facebook , #Overwhelmed #MinotaurOfPressure ,22,44, Overwhelmed , USA 
326," Jealousy, a festering wound, the pain intensifying with each glance at the garden of others' achievements, blooming beyond the fence. ", WoundedGarden , Twitter , #Jealous #BloomingAchievements ,16,32, Jealous , UK 
327," Devastated, a heart in ruins, the echoes of shattered dreams reverberating in the chambers, a requiem for what once was whole. ", RuinedHeart , Instagram , #Devastated #EchoesOfShatteredDreams ,25,50, Devastated , Australia 
328," Frustrated attempts to untangle the knot of confusion, the threads of understanding slipping further into the labyrinth of miscommunication. ", KnotUntangler , Facebook , #Frustrated #LabyrinthOfMiscommunication ,14,28, Frustrated , India 
329," Envious eyes locked on the treasure chest of opportunities, a heartache fueled by the desire for keys that seem forever elusive. ", ElusiveKeys , Twitter , #Envious #DesireForKeys ,20,40, Envious , USA 
330," Dismissive gestures, a curtain drawn to shield the vulnerability, a stage where emotions take a backseat to the performance of indifference. ", IndifferentFort , Instagram , #Dismissive #IndifferencePerformance ,12,24, Dismissive , Australia 
331," Shattered dreams lie on the floor like fragments of glass, a mosaic of disappointment crafted by the hands of frustration. ", DreamMosaic , Twitter , #Frustrated #MosaicOfDisappointment ,15,30, Frustrated , Canada 
332," Loneliness, a silent companion in the night, the only echo in the chamber of solitude, a heart's solitary nocturne. ", NocturnalEcho , Facebook , #Loneliness #SolitaryNocturne ,18,36, Loneliness , Australia 
333,Awe-struck by the breathtaking sunrise over the mountains.      , NatureAdmirer  , Instagram , #Awe #BreathtakingSunrise                   ,28,55, Awe           , USA               
334,Navigating through the challenges with determination.          , GoalPursuer    , Twitter  , #Determination #Challenges                  ,15,30, Determination , Canada            
335,Nostalgia hits while flipping through an old photo album.     , MemoryLane     , Facebook , #Nostalgia #OldMemories                     ,22,45, Nostalgia      , UK                
336,Thrilled to witness the grandeur of a cultural festival.       , CultureEnthusiast , Instagram , #Thrill #CulturalCelebration              ,40,80, Thrill        , India              
337,Calmness found in the rhythm of raindrops on the windowpane.   , RainWatcher    , Twitter  , #Calmness #RainyDays                        ,18,35, Calmness      , Australia          
338,Overwhelmed by the support received during a personal challenge., PersonalJourney , Facebook , #Overwhelmed #SupportiveCommunity          ,25,50, Overwhelmed   , USA               
339,Excitement builds as the countdown to a long-awaited vacation begins. , VacationDreamer , Instagram , #Excitement #VacationCountdown        ,30,60, Excitement , France            
340,"Reflecting on life's journey, grateful for the lessons learned. ", LifeLearner   , Twitter  , #Gratitude #LifeLessons                    ,35,70, Gratitude   , Brazil            
341,Bittersweet emotions arise while bidding farewell to a dear friend. , FarewellSender , Instagram , #Bittersweet #Farewell                     ,20,40, Bittersweet , Japan             
342,Curiosity sparked by exploring a mysterious ancient ruin.      , HistoryExplorer , Facebook , #Curiosity #AncientDiscovery          ,18,35, Curiosity     , Greece            
343,Admiration for the intricate details of a handcrafted masterpiece. , CraftEnthusiast , Instagram , #Admiration #HandcraftedArt               ,25,50, Admiration    , USA               
344,Overjoyed by the warmth of a cozy fireplace on a winter evening.   , WinterLover     , Twitter  , #Overjoyed #WinterWarmth                  ,18,35, Overjoyed     , Canada            
345,Inspiration strikes while observing the colors of a vibrant sunset., SunsetWatcher   , Instagram , #Inspiration #ColorfulSunset             ,30,60, Inspiration   , UK                
346,Motivated to achieve fitness goals after an invigorating workout.  , FitnessJunkie   , Facebook , #Motivation #FitnessGoals                 ,40,80, Motivation    , Australia          
347,Gratitude for the simple joys found in a cup of morning coffee.    , CoffeeLover     , Twitter  , #Gratitude #MorningCoffee                 ,22,45, Gratitude     , India             
348,Feeling empowered after conquering a challenging hiking trail.     , HikingExplorer  , Instagram , #Empowerment #HikingAdventure             ,35,70, Empowerment   , USA               
349,Amused by the antics of playful kittens during playtime.           , KittyObserver   , Facebook , #Amusement #PlayfulKittens               ,15,30, Amusement     , Canada            
350,Contemplating life's mysteries under the starry night sky.         , Stargazer       , Twitter  , #Contemplation #StarryNight               ,28,55, Contemplation , UK                
351,Joyful reunion with long-lost friends after years of separation.   , FriendshipRenewal , Instagram , #JoyfulReunion #Friendship               ,20,40, JoyfulReunion , India             
352,Excitement builds while preparing for a surprise celebration.     , CelebrationPlanner , Facebook , #Excitement #SurpriseCelebration         ,30,60, Excitement    , Australia          
353,Satisfaction derived from successfully completing a DIY project.  , DIYEnthusiast   , Twitter  , #Satisfaction #DIYProject                 ,25,50, Satisfaction  , USA               
354,Feeling blessed for the supportive community in times of need.    , CommunityHelper , Instagram , #Blessed #SupportiveCommunity            ,18,35, Blessed       , UK                
355,Captivated by the serenity of a tranquil garden in full bloom.     , GardenEnthusiast , Facebook , #Serenity #TranquilGarden                ,22,45, Serenity      , Canada            
356,Anticipation for an upcoming adventure in an exotic destination.   , Wanderlust      , Twitter  , #Anticipation #AdventureAwaits           ,40,80, Anticipation  , India             
357,Reflecting on personal growth achieved through life experiences.  , GrowthSeeker    , Instagram , #Reflection #PersonalGrowth              ,35,70, Reflection    , USA               
358,Nostalgic memories flood in while revisiting childhood favorites. , ChildhoodMemories , Facebook , #Nostalgia #ChildhoodFavorites           ,20,40, Nostalgia     , Australia          
359,Appreciation for the vibrant culture experienced during travel.   , CultureExplorer , Twitter  , #Appreciation #CulturalExperience        ,28,55, Appreciation  , UK                
360,Confidence soars after overcoming public speaking anxiety.       , PublicSpeaker   , Instagram , #Confidence #OvercomingAnxiety          ,15,30, Confidence    , USA               
361,Contentment in the midst of a family gathering filled with laughter. , FamilyCelebration , Facebook , #Contentment #FamilyLaughter             ,25,50, Contentment   , Canada            
362,Enthusiasm for learning new skills and expanding knowledge.      , LifelongLearner , Twitter  , #Enthusiasm #SkillBuilding               ,30,60, Enthusiasm    , India             
363,Surprise and delight at discovering a hidden gem in the city.    , CityExplorer    , Instagram , #Surprise #HiddenGem                      ,18,35, Surprise      , UK                
364,A sense of accomplishment after completing a challenging workout., FitnessAchiever , Facebook , #Accomplishment #FitnessSuccess         ,22,45, Accomplishment , Australia          
365,Wonderment at the beauty of a double rainbow after the rain.     , RainbowChaser   , Twitter  , #Wonderment #DoubleRainbow               ,35,70, Wonderment    , USA               
366,Optimism for a bright future amidst challenging times.           , FutureOptimist  , Instagram , #Optimism #BrightFuture                  ,20,40, Optimism      , Canada            
367,Pride in achieving a personal milestone in career progression.   , CareerAchiever  , Facebook , #Pride #CareerMilestone                  ,28,55, Pride         , UK                
368,Happiness blooms like flowers in a garden on a sunny day.        , SunnyDayEnthusiast , Twitter  , #Happiness #SunnyDay                      ,15,30, Happiness     , India             
369,Elation over discovering a rare book in a quaint bookstore.      , Bookworm        , Instagram , #Elation #RareBookDiscovery              ,40,80, Elation       , USA               
370,Curiosity piqued by the mysteries of an ancient archaeological site., ArchaeologyEnthusiast , Facebook , #Curiosity #AncientMysteries            ,18,35, Curiosity   , Australia          
371,Mesmerized by the cosmic dance of fireflies on a moonlit night.    , NightSkyObserver , Instagram , #Enchantment #CosmicFireflies             ,25,50, Enchantment   , Brazil           
372,Intrigued by the symphony of colors in an abstract art exhibition. , ArtConnoisseur  , Twitter  , #Intrigue #AbstractArt                   ,18,35, Intrigue      , France           
373,Giggles and joy echo in the air during a children's playdate.      , PlayfulParent   , Facebook , #PlayfulJoy #ChildrensPlaydate           ,22,45, PlayfulJoy    , Japan            
374,Enveloped in serenity while practicing mindfulness by the lake.    , ZenSeeker       , Instagram , #Mindfulness #LakeTranquility            ,35,70, Mindfulness   , Canada           
375,Chasing dreams like a kite soaring high in the vast open sky.      , SkyDreamer      , Twitter  , #DreamChaser #SkyHighDreams              ,30,60, DreamChaser   , Australia         
376,Spellbound by the elegance of a ballroom dance under crystal chandeliers. , DanceEnthusiast , Facebook , #Elegance #BallroomDance                ,28,55, Elegance , UK               
377,Whimsical delight in a world of fairy tales and magical creatures.  , FairyTaleExplorer , Instagram , #Whimsy #MagicalWorld                    ,20,40, Whimsy        , USA             
378,Pensive contemplation amid the ancient ruins of a forgotten civilization. , RuinsExplorer   , Twitter  , #Pensive #AncientCivilization           ,18,35, Pensive , Greece           
379,Embracing the thrill of speed on a rollercoaster's exhilarating twists. , RollercoasterFan , Facebook , #Thrill #RollercoasterAdventure        ,22,45, Thrill      , Germany         
380,Harmony resonates as musicians play a melody of unity and togetherness. , MusicHarmonist  , Instagram , #Harmony #MusicalUnity                   ,35,70, Harmony    , Sweden          
381,A burst of creativity in the quiet solitude of an artist's studio.  , StudioArtist    , Twitter  , #Creativity #ArtistsHaven               ,15,30, Creativity   , Italy           
382,Radiant joy akin to blooming flowers on a sun-kissed spring morning. , SpringEnthusiast , Facebook , #Radiance #SpringBlooms                 ,25,50, Radiance    , Netherlands     
383,A sense of wonder at the vastness of the cosmos on a stargazing night. , CosmosExplorer  , Instagram , #Wonder #StargazingAdventure            ,40,80, Wonder     , South Africa    
384,Rejuvenated by the salty breeze and the sound of waves at the seaside. , SeaBreezeLover , Twitter  , #Rejuvenation #SeasideEscape            ,18,35, Rejuvenation , Spain           
385,Whispers of inspiration from the rustling leaves in a serene forest. , ForestDreamer   , Facebook , #Inspiration #ForestWhispers            ,28,55, Inspiration , Portugal        
386,Savoring the warmth of a cup of cocoa on a chilly winter evening.   , WinterWarmth    , Instagram , #Coziness #WarmWinterEvening           ,30,60, Coziness     , Switzerland     
387,Heartfelt gratitude for the laughter shared during a family reunion. , FamilyGatherer , Facebook , #Gratitude #FamilyLaughter              ,22,45, Gratitude  , Austria         
388,"Embarking on a culinary adventure, savoring exotic flavors around the world. ", CulinaryExplorer , Twitter  , #Adventure #CulinaryJourney             ,35,70, Adventure , Belgium         
389,Euphoria floods in as the final puzzle piece clicks into place.       , PuzzleSolver    , Instagram , #Euphoria #PuzzleCompletion            ,20,40, Euphoria   , Denmark         
390,Awe-inspired by the grandeur of an ancient cathedral's intricate architecture. , CathedralVisitor , Facebook , #Awe #ArchitecturalGrandeur            ,18,35, Awe    , Czech Republic  
391,Captivated by the ethereal beauty of a field filled with fireflies. , NightSkyObserver , Instagram , #Enchantment #FireflyField              ,25,50, Enchantment   , Brazil           
392,Immersed in the enchanting melodies of a street musician's violin. , MusicLover      , Twitter  , #Melodic #StreetMusic                   ,18,35, Melodic       , France           
393,Joyful laughter resonates through a lively summer carnival.         , CarnivalGoer    , Facebook , #FestiveJoy #SummerCarnival             ,22,45, FestiveJoy    , Japan            
394,Exploring the universe within during a mindful meditation session. , MindfulExplorer , Instagram , #InnerJourney #MeditationBliss          ,35,70, InnerJourney  , Canada           
395,Soaring like a free spirit on the winds of a coastal cliff.        , CoastalExplorer , Twitter  , #Freedom #CoastalAdventure              ,30,60, Freedom       , Australia         
396,Dazzled by the elegance of a masquerade ball's dazzling costumes. , MasqueradeAttendee , Facebook , #Dazzle #MasqueradeElegance            ,28,55, Dazzle        , UK               
397,Whimsical delight in a world of whimsical fairy tales.             , FairyTaleAdventurer , Instagram , #Whimsy #FairyTaleMagic                 ,20,40, Whimsy        , USA             
398,Reflective contemplation amid the ruins of a forgotten era.        , RuinsExplorer   , Twitter  , #Reflection #ForgottenEra               ,18,35, Reflection    , Greece           
399,Riding the adrenaline rush on a rollercoaster's wild twists.      , ThrillSeeker    , Facebook , #Adrenaline #RollercoasterThrills      ,22,45, Adrenaline     , Germany         
400,Harmony resonates as musicians play a symphony of unity.           , MusicHarmonist  , Instagram , #Harmony #MusicalUnity                   ,35,70, Harmony       , Sweden          
401,A burst of artistic creativity in the quietude of an artist's studio. , StudioArtist    , Twitter  , #ArtisticBurst #StudioCreativity       ,15,30, ArtisticBurst , Italy           
402,Radiant joy akin to blossoming flowers on a sunlit spring morning. , SpringEnthusiast , Facebook , #Radiance #SpringBlooms                 ,25,50, Radiance      , Netherlands     
403,Awe-inspired by the vastness of the cosmos on a stargazing night.   , CosmosExplorer  , Instagram , #Wonder #StargazingAdventure            ,40,80, Wonder       , South Africa    
404,Rejuvenated by the salty breeze and the sound of waves at the seaside. , SeaBreezeLover , Twitter  , #Rejuvenation #SeasideEscape            ,18,35, Rejuvenation , Spain           
405,Whispers of inspiration from the rustling leaves in a serene forest. , ForestDreamer   , Facebook , #Inspiration #ForestWhispers            ,28,55, Inspiration  , Portugal        
406,Savoring the warmth of a cup of cocoa on a chilly winter evening.   , WinterWarmth    , Instagram , #Coziness #WarmWinterEvening           ,30,60, Coziness     , Switzerland     
407,Heartfelt gratitude for the laughter shared during a family reunion. , FamilyGatherer , Facebook , #Gratitude #FamilyLaughter              ,22,45, Gratitude  , Austria         
408,"Embarking on a culinary odyssey, savoring flavors around the world. ", CulinaryExplorer , Twitter  , #CulinaryOdyssey #FlavorsAroundTheWorld ,35,70, CulinaryOdyssey , Belgium         
409,Euphoria floods in as the final puzzle piece fits perfectly.       , PuzzleSolver    , Instagram , #Euphoria #PerfectPuzzle               ,20,40, Euphoria     , Denmark         
410,Awe-struck by the grandeur of an ancient cathedral's intricate architecture. , CathedralVisitor , Facebook , #Awe #ArchitecturalGrandeur            ,18,35, Awe    , Czech Republic  
411,Curiosity awakened by the mysteries of an ancient archaeological site. , ArchaeologyEnthusiast , Instagram , #Curiosity #AncientMysteries          ,18,35, Curiosity  , Australia 
412,Giddy with excitement as the first snowflakes dance from the sky. , SnowfallEnthusiast , Twitter  , #Excitement #SnowfallMagic             ,22,45, Excitement   , Canada         
413,Contentment envelops as the aroma of freshly baked bread fills the air. , BreadLover     , Instagram , #Contentment #FreshBreadAroma          ,28,55, Contentment , France          
414,Inspired by the resilience of a lone tree standing tall in a storm. , NatureResilient , Facebook , #Resilience #StandingTall              ,35,70, Resilience   , USA             
415,"Lost in the pages of a captivating novel, transported to another world. ", Bookworm       , Twitter  , #Immersion #CaptivatingNovel           ,20,40, Immersion , UK              
416,Drenched in nostalgia while flipping through an old family photo album. , FamilyHistorian , Instagram , #Nostalgia #FamilyPhotoAlbum           ,25,50, Nostalgia , India          
417,Spark of inspiration ignites like a shooting star in the night sky. , NightSkyWatcher , Facebook , #Spark #InspirationIgnited             ,30,60, Spark        , Australia      
418,Imbued with gratitude for the simple pleasure of a warm cup of tea. , TeaEnthusiast  , Twitter  , #Gratitude #WarmTea                    ,18,35, Gratitude    , Japan           
419,Marveling at the kaleidoscope of colors in a vibrant street market. , MarketExplorer , Instagram , #Marvel #ColorfulStreetMarket          ,22,45, Marvel       , Brazil          
420,Awash with serenity as the sun sets over a tranquil lakeside retreat. , LakesideRetreater , Facebook , #Serenity #TranquilSunset              ,28,55, Serenity   , Germany       
421,Drowning in sorrow as memories of lost love resurface.            , LostInLove      , Instagram , #Heartbreak #LostLove                    ,15,30, Heartbreak    , USA             
422,Numbness sets in as the weight of loneliness grows heavier.       , SolitudeSeeker , Twitter  , #Loneliness #HeavyHeart                  ,18,35, Loneliness    , Canada          
423,"Tears fall like raindrops, mourning the end of a cherished friendship. ", FriendshipsEnd  , Facebook , #Grief #LostFriendship                  ,22,45, Grief      , UK              
424,"Despair clouds the mind, feeling adrift in an endless sea of darkness. ", LostInDarkness  , Instagram , #Despair #EndlessDarkness               ,28,55, Despair   , Australia        
425,"Shattered by betrayal, trust crumbles like fragile glass.          ", BrokenTrust     , Twitter  , #Betrayal #ShatteredTrust               ,22,45, Betrayal      , Germany         
426,"Aching heart, the symphony of pain plays in the silence of solitude. ", SilentSufferer  , Facebook , #Suffering #HeartacheSymphony          ,25,50, Suffering , Brazil          
427,"Emotional storm, a whirlwind of sadness engulfs every thought.    ", StormyFeelings  , Instagram , #EmotionalStorm #SadnessWhirlwind      ,30,60, EmotionalStorm , India          
428,"Haunted by regrets, the ghost of the past lingers relentlessly.   ", LingeringGhost  , Twitter  , #Regret #HauntedPast                    ,18,35, Regret        , France         
429,"Torn apart by grief, the echoes of loss reverberate through the soul. ", EchoesOfLoss    , Facebook , #Grief #TornApart                       ,28,55, Grief      , Italy         
430,"Isolation deepens, an emotional winter where warmth is but a distant memory. ", WinterOfEmotions , Instagram , #Isolation #EmotionalWinter            ,35,70, Isolation , Japan       
431,"Soul-crushing disappointment, hopes shattered like fragile glass. ", ShatteredHopes  , Twitter  , #Disappointment #CrushedHopes          ,20,40, Disappointment , Spain        
432,"Painful echoes of a love once cherished, now lost in the abyss of time. ", AbyssOfTime     , Facebook , #LostLove #PainfulEchoes               ,22,45, LostLove , Netherlands  
433,"Heartache deepens, a solitary journey through the abyss of despair. ", SolitaryDescent , Instagram , #Despair #AbyssOfHeartache             ,40,80, Despair   , South Africa 
434,"Melancholy lingers, a bittersweet serenade in the quietude of solitude. ", SerenadeOfSolitude , Twitter , #Melancholy #QuietSerenade             ,18,35, Melancholy , UK         
435,"Bitterness like a poison, seeping into every crevice of the wounded heart. ", PoisonedHeart   , Facebook , #Bitterness #WoundedHeart              ,25,50, Bitterness , Australia   
436,"Emotional exhaustion, the weight of the world crushing weary shoulders. ", WearySoulCrushed , Instagram , #Exhaustion #CrushedSpirit             ,35,70, Exhaustion , Canada     
437,"Sorrowful echoes, a symphony of pain played by the strings of loss. ", StringsOfSorrow , Twitter  , #Sorrow #SymphonyOfLoss                ,18,35, Sorrow      , Germany     
438,"Darkness descends, engulfing the soul in the shadows of despair.  ", SoulInShadow    , Facebook , #Darkness #SoulEngulfed                 ,28,55, Darkness     , USA         
439,"Desperation whispers, the silent plea for a glimmer of hope in the abyss. ", WhisperedDespair , Instagram , #Desperation #GlimmerOfHope            ,22,45, Desperation , France    
440,"Heart in ruins, the remnants of shattered dreams scattered in the wind. ", DreamsInWind    , Twitter  , #Ruins #ShatteredDreams                ,20,40, Ruins      , Brazil     
441,"Shattered by the echoes of a shattered dream, fragments of hope scattered. ", DreamEchoes , Twitter , #Desolation #ScatteredHope ,20,40, Desolation , Australia 
442,"Avoiding the thorns of regret, walking barefoot on the path of remorse. ", RemorseWalker , Instagram , #Regret #PathOfRemorse ,25,50, Regret , Canada 
443,"In the labyrinth of grief, the walls echo with the footsteps of lost joy. ", JoyLabyrinth , Facebook , #Grief #LostJoyFootsteps ,18,35, Grief , USA 
444,"A soul adrift in the sea of solitude, waves of loneliness crashing relentlessly. ", SolitudeSeas , Twitter , #Loneliness #CrashingWaves ,22,45, Loneliness , UK 
445,"The bitterness of betrayal, a taste that lingers, staining the palate of trust. ", PalateStainer , Instagram , #Bitterness #StainedTrust ,15,30, Bitterness , Germany 
446,"In the ruins of hope, echoes of shattered dreams whisper tales of loss. ", HopeRuins , Facebook , #Desolation #WhisperedLoss ,28,55, Desolation , Brazil 
447,"Sinking like a stone in the ocean of heartbreak, each ripple a sigh of despair. ", OceanSinker , Twitter , #Heartbreak #RippleOfDespair ,22,45, Heartbreak , France 
448,"Tears, the ink staining the pages of a journal, a testament to silent grief. ", InkJournalist , Instagram , #Grief #SilentTears ,30,60, Grief , India 
449,"In the wasteland of lost trust, the echoes of broken promises reverberate. ", TrustWasteland , Facebook , #Betrayal #ReverberatingPromises ,25,50, Betrayal , Italy 
450,"Avoiding the shards of shattered dreams, walking the tightrope of resilience. ", DreamTightrope , Twitter , #Resilience #TightropeWalk ,35,70, Resilience , Japan 
451,"Suffocating in the silence of solitude, where echoes of laughter once thrived. ", EchoedLaughter , Instagram , #Isolation #SilentSolitude ,30,60, Isolation , South Africa 
452,"Haunted by the specter of lost possibilities, a ghost that refuses to fade away. ", PossibilityGhost , Twitter , #Regret #FadingPossibilities ,18,35, Regret , Spain 
453,"In the labyrinth of despair, the echoes of a broken heart reverberate endlessly. ", EndlessLabyrinth , Facebook , #Despair #EndlessReverberation ,28,55, Despair , Australia 
454,"Sinking like autumn leaves in the river of sorrow, carried away by the current. ", RiverOfSorrow , Instagram , #Sorrow #AutumnLeaves ,22,45, Sorrow , Canada 
455,"In the garden of broken dreams, petals fall, a silent testimony to shattered hopes. ", DreamGardener , Twitter , #Desolation #ShatteredHopes ,20,40, Desolation , UK 
456,"Tears, the currency of grief, spent in the marketplace of lost love and longing. ", CurrencyOfTears , Facebook , #Grief #LostLoveLonging ,25,50, Grief , USA 
457,"Wandering in the maze of betrayal, the walls closing in with every wrong turn. ", MazeWanderer , Instagram , #Betrayal #ClosingWalls ,15,30, Betrayal , Germany 
458,"A soul weathered by the storm of heartbreak, seeking refuge in the calm after. ", StormSeeker , Twitter , #Heartbreak #CalmAfterStorm ,22,45, Heartbreak , Brazil 
459,"In the tapestry of despair, threads of hope unravel, leaving a portrait of sorrow. ", TapestrySorrow , Facebook , #Despair #UnraveledHope ,18,35, Despair , India 
460,"Like a withered rose in the garden of love, petals fall, a silent surrender to time. ", WitheredRose , Instagram , #Loss #SilentSurrender ,28,55, Loss , France 
461,"In the void of heartache, echoes of a love song play, each note a pang of longing. ", LoveSongEcho , Instagram , #Heartache #LoveSongLonging ,30,60, Heartache , Japan 
462,"Nostalgia, a bittersweet dance in the moonlit ballroom of cherished memories. ", MoonlitMemories , Twitter , #Nostalgia #CherishedMemories ,18,35, Nostalgia , Italy 
463,"In the symphony of grief, each tear is a note, composing a melancholic melody. ", SymphonyOfTears , Facebook , #Grief #MelancholicMelody ,22,45, Grief , Germany 
464,"Betrayal, a venomous serpent slithering through the garden of trust, poisoning roots. ", VenomousGarden , Instagram , #Betrayal #PoisonedTrust ,25,50, Betrayal , Canada 
465,"Sinking in the quicksand of despair, the harder you fight, the deeper you descend. ", QuicksandFighter , Twitter , #Despair #DeepDescent ,20,40, Despair , USA 
466,"Wandering through the cemetery of lost dreams, tombstones marking untold sorrows. ", DreamCemetery , Facebook , #Desolation #UntoldSorrows ,28,55, Desolation , France 
467,"Swept away by the river of regret, the currents of the past refusing to release. ", RegretRiver , Instagram , #Regret #PastCurrents ,18,35, Regret , UK 
468,"Whispers of lost love linger in the attic of the heart, forgotten but not erased. ", HeartAttic , Twitter , #Loss #ForgottenLove ,22,45, Loss , Australia 
469,"In the gallery of broken promises, each shattered vow framed, a painful exhibition. ", PromiseGallery , Facebook , #Betrayal #ShatteredVows ,15,30, Betrayal , Brazil 
470,"The echoes of solitude, a silent conversation between a soul and its shadows. ", EchoedConversation , Instagram , #Solitude #ShadowConversation ,30,60, Solitude , Spain 
471,"Dancing on sunshine, each step a celebration of the joy found in simple moments. ", SunshineDancer , Instagram , #Joy #SimpleMoments ,40,80, Joy , USA 
472,"Laughter echoes in the air, a chorus of happiness that lifts the spirit higher. ", EchoedLaughter , Twitter , #Happiness #SpiritLifter ,35,70, Happiness , Canada 
473,"In the garden of contentment, each bloom whispers tales of inner peace and joy. ", GardenOfJoy , Facebook , #Contentment #InnerPeace ,25,50, Contentment , UK 
474,"Chasing dreams under the vibrant sky, a journey fueled by hope and enthusiasm. ", DreamChaser , Instagram , #Enthusiasm #HopefulJourney ,30,60, Enthusiasm , Australia 
475,"Serenading the stars with a heart full of gratitude, a melody of thankfulness. ", StarSerenader , Twitter , #Gratitude #ThankfulMelody ,22,45, Gratitude , India 
476,"Basking in the glow of accomplishment, each milestone a stepping stone to happiness. ", GlowAchiever , Facebook , #Accomplishment #HappinessMilestone ,28,55, Accomplishment , Germany 
477,"In the dance of positivity, every step is a rhythm, uplifting the soul in harmony. ", DanceHarmony , Instagram , #Positivity #SoulUpliftment ,18,35, Positivity , France 
478,"Overflowing with joy, a cup of laughter shared with friends, a moment cherished. ", LaughterCup , Twitter , #Joy #CherishedMoment ,20,40, Joy , Japan 
479,"Draped in the warmth of kindness, a quilt of compassion stitched with love. ", QuiltedCompassion , Facebook , #Kindness #LoveStitches ,25,50, Kindness , Brazil 
480,"In the garden of friendships, each bloom a testament to the beauty of camaraderie. ", FriendshipGarden , Instagram , #Friendship #CamaraderieBlooms ,30,60, Friendship , South Africa 
481,"In the embrace of love, each heartbeat is a melody, dancing to the rhythm of affection. ", MelodyOfLove , Twitter , #Love #RhythmOfAffection ,35,70, Love , USA 
482,"Surrounded by the colors of joy, a canvas painted with laughter and endless smiles. ", ColorfulLaughter , Instagram , #Joy #EndlessSmiles ,40,80, Joy , Canada 
483,"In the symphony of excitement, each note is a burst of energy, igniting the soul with fervor. ", SymphonyFervor , Facebook , #Excitement #IgnitedSoul ,30,60, Excitement , UK 
484,"A surprise gift, wrapped in anticipation, unfolds a moment of delight and wonder. ", WrappedDelight , Twitter , #Surprise #WonderfulMoment ,25,50, Surprise , Australia 
485,"Lost in the maze of curiosity, each twist and turn unveils the treasures of discovery. ", MazeDiscovery , Instagram , #Curiosity #TreasuresOfDiscovery ,22,45, Curiosity , India 
486,"Floating on clouds of gratitude, each raindrop a blessing, a shower of thankfulness. ", CloudsOfBlessings , Facebook , #Gratitude #ShowerOfThankfulness ,28,55, Gratitude , Germany 
487,"Like a comet of inspiration, streaking through the sky of creativity, leaving trails of brilliance. ", CometCreativity , Twitter , #Inspiration #BrilliantTrails ,18,35, Inspiration , France 
488,"In the celebration of success, fireworks of accomplishment light up the night sky of triumph. ", FireworksTriumph , Instagram , #Success #NightSkyTriumph ,22,45, Success , Japan 
489,"A symphony of laughter, each note a key to unlocking the door of boundless happiness. ", LaughterSymphony , Facebook , #Happiness #BoundlessLaughter ,30,60, Happiness , Brazil 
490,"In the carnival of emotions, the rollercoaster of thrill sends the heart on a wild ride. ", EmotionCarnival , Instagram , #Thrill #WildHeartRide ,35,70, Thrill , South Africa 
491,"Standing before the grandeur of the Eiffel Tower, a moment to reflect on the beauty of Parisian dreams. ", ParisDreamer , Twitter , #Reflection #ParisianDreams ,28,55, Reflection , France 
492,"Lost in the enchantment of Disneyland, each ride a journey into the realm of childhood fantasies. ", DisneylandExplorer , Instagram , #Enchantment #ChildhoodFantasies ,30,60, Enchantment , USA 
493,"Exploring the wonders of Ferrari World, the roar of engines creating a symphony of speed. ", FerrariSpeedster , Facebook , #Excitement #SymphonyOfSpeed ,22,45, Excitement , Italy 
494,"Amidst the tulip fields of Keukenhof, a tapestry of colors that paints the soul with springtime joy. ", KeukenhofAdventurer , Instagram , #Joy #SpringtimeColors ,35,70, Joy , Netherlands 
495,"Wandering through the historical streets of Kyoto, each step a journey into the heart of Japan's traditions. ", KyotoAdventurer , Twitter , #Exploration #JapaneseTraditions ,18,35, Exploration , Japan 
496,"In the embrace of the Grand Canyon, nature's masterpiece, a moment to marvel at Earth's grandeur. ", CanyonMarveler , Instagram , #Awe #EarthsGrandeur ,25,50, Awe , USA 
497,"Journeying through the serenity of Santorini, where each sunset paints the sky with hues of tranquility. ", SantoriniTraveler , Facebook , #Serenity #SunsetHues ,22,45, Serenity , Greece 
498,"Amazed by the architectural marvels of Petra, each stone telling tales of an ancient civilization. ", PetraExplorer , Twitter , #Amazement #AncientTales ,30,60, Amazement , Jordan 
499,"Embarking on a gondola ride in Venice, each canal reflecting the romance of this timeless city. ", VeniceRomantic , Instagram , #Romance #TimelessCity ,20,40, Romance , Italy 
500,"At the summit of Machu Picchu, a breathtaking panorama that whispers the secrets of ancient civilizations. ", MachuPicchuAdventurer , Facebook , #Awe #AncientCivilizations ,28,55, Awe , Peru 
501,"In the heart of New York City, Times Square dazzles with lights, a vibrant spectacle of urban energy. ", TimesSquareExplorer , Instagram , #Excitement #UrbanEnergy ,35,70, Excitement , USA 
502,"Captivated by the historical charm of the Colosseum, each stone echoing tales of gladiator valor. ", ColosseumAdventurer , Twitter , #Captivation #GladiatorTales ,25,50, Captivation , Italy 
503,"Sailing the azure waters of the Maldives, each wave a whisper of serenity in paradise. ", MaldivesSailor , Facebook , #Serenity #ParadiseWhispers ,22,45, Serenity , Maldives 
504,"In the midst of the Amazon rainforest, a symphony of wildlife creates an orchestra of nature's wonders. ", AmazonExplorer , Instagram , #Wonder #NatureOrchestra ,30,60, Wonder , Brazil 
505,"Walking the Great Wall of China, each step a testament to ancient engineering marvels. ", GreatWallWalker , Twitter , #Awe #EngineeringMarvels ,18,35, Awe , China 
506,"At the summit of Mount Fuji, a breathtaking sunrise that paints the sky with hues of accomplishment. ", FujiSummitAchiever , Facebook , #Accomplishment #SunriseHues ,28,55, Accomplishment , Japan 
507,"Exploring the ancient ruins of Angkor Wat, each stone whispering stories of Khmer civilization. ", AngkorWatAdventurer , Instagram , #Exploration #KhmerStories ,20,40, Exploration , Cambodia 
508,"Skiing down the slopes of the Swiss Alps, each turn a dance with the majesty of snow-capped peaks. ", AlpsSkiAdventurer , Twitter , #Adventure #SnowPeakDance ,22,45, Adventure , Switzerland 
509,"In the tranquility of Kyoto's bamboo forest, whispers of ancient Zen wisdom echo through the groves. ", KyotoBambooSeeker , Facebook , #Tranquility #ZenWisdom ,25,50, Tranquility , Japan 
510,"Cruising the fjords of Norway, each icy landscape a breathtaking masterpiece of nature's grandeur. ", NorwayFjordExplorer , Instagram , #Grandeur #IcyMasterpiece ,22,45, Grandeur , Norway 
511,"At the front row of Adele's concert, each note of 'Someone Like You' resonates with soul-stirring emotion. ", AdeleConcertGoer , Instagram , #Emotion #AdeleConcert ,40,80, Emotion , USA 
512,"Dancing under the stars at Beyoncé's live show, feeling the power of 'Single Ladies' in every move. ", BeyonceDancer , Twitter , #Energy #BeyonceConcert ,35,70, Energy , USA 
513,"In the crowd of a Taylor Swift concert, the lyrics of 'Love Story' create an enchanting fairy tale. ", SwiftieDreamer , Facebook , #Enchantment #TaylorSwift ,30,60, Enchantment , USA 
514,"Rocking out to the guitar solos at a Queen tribute concert, a journey back in time with Freddie's spirit. ", QueenTributeFan , Instagram , #Nostalgia #QueenTribute ,22,45, Nostalgia , UK 
515,"Swaying to Ed Sheeran's acoustic melodies, a serene evening filled with 'Perfect' moments. ", SheeranMelodyLover , Twitter , #Serenity #EdSheeranConcert ,18,35, Serenity , UK 
516,"Immersed in the pulsating beats of a Bruno Mars concert, where 'Uptown Funk' becomes a city of joy. ", MarsJoyExplorer , Facebook , #Joy #BrunoMars ,28,55, Joy , USA 
517,"At a Michael Jackson tribute show, moonwalking through the hits, a celebration of the King of Pop. ", MJTributeDancer , Instagram , #Celebration #MJTribute ,25,50, Celebration , USA 
518,"Swinging to the rhythms of a Frank Sinatra tribute, feeling the timeless charm of 'Fly Me to the Moon'. ", SinatraCharmListener , Twitter , #Charm #SinatraTribute ,22,45, Charm , USA 
519,"In the mosh pit of a Metallica concert, the thunderous chords create a symphony of headbanging ecstasy. ", MetallicaMoshWarrior , Facebook , #Ecstasy #MetallicaConcert ,35,70, Ecstasy , USA 
520,"Experiencing the magic of a Coldplay concert, where 'Fix You' becomes a beacon of hope in the night. ", ColdplayHopeSeeker , Instagram , #Hope #ColdplayMagic ,30,60, Hope , UK 
521,"At a Justin Bieber concert, the infectious beats of 'Baby' create a dance floor of unbridled enthusiasm. ", BieberDanceEnthusiast , Instagram , #Enthusiasm #JustinBieber ,40,80, Enthusiasm , Canada 
522,"In the spotlight at a Lady Gaga show, each costume change is a metamorphosis of creativity and artistry. ", GagaArtisticChameleon , Twitter , #Creativity #LadyGaga ,35,70, Creativity , USA 
523,"Immersed in the soulful melodies of Adele, tears flow freely, moved by the emotion of 'Hello'. ", AdeleMelodyTearjerker , Facebook , #Emotion #AdeleMelodies ,30,60, Emotion , UK 
524,"Drenched in confetti at a Katy Perry concert, a kaleidoscope of colors igniting the night sky. ", KatyPerryColorExplosion , Instagram , #Colorful #KatyPerry ,22,45, Colorful , USA 
525,"In the audience of a Jay-Z performance, the lyrics of 'Empire State of Mind' become an anthem of pride. ", JayZEmpireListener , Twitter , #Pride #JayZAnthem ,18,35, Pride , USA 
526,"Dancing to Shakira's rhythmic beats, hips swaying to the hypnotic charm of 'Hips Don't Lie'. ", ShakiraHipsDancer , Facebook , #Hypnotic #ShakiraRhythms ,28,55, Hypnotic , Colombia 
527,"At a U2 concert, the anthemic chords of 'With or Without You' create a timeless moment of connection. ", U2ConnectionSeeker , Instagram , #Connection #U2Anthem ,25,50, Connection , Ireland 
528,"Rocking out at a Guns N' Roses show, the iconic riffs of 'Sweet Child o' Mine' echoing in the night. ", GunsNRosesRiffRockstar , Twitter , #Iconic #GNRConcert ,22,45, Iconic , USA 
529,"In the crowd of an Ariana Grande concert, the high notes of 'Into You' create a euphoric symphony. ", ArianaEuphoriaChaser , Facebook , #Euphoria #ArianaGrande ,35,70, Euphoria , USA 
530,"Swaying to the reggae vibes of Bob Marley's tribute concert, each chord a journey to Jamaica's soul. ", MarleyReggaeTraveler , Instagram , #Journey #BobMarleyTribute ,30,60, Journey , Jamaica 
531,"Captivated by the spellbinding plot twists, the audience applauds, experiencing a rollercoaster of emotions at the movie premiere. ", MovieEnthusiastPremiereAttendee , Twitter , #Excitement #MoviePremiereThrills ,40,80, Excitement , USA 
532,"As the credits roll, a profound sense of nostalgia washes over, reminiscent of cherished moments in classic films. ", FilmLoverNostalgiaSeeker , Instagram , #Nostalgia #ClassicFilmMoments ,35,70, Nostalgia , UK 
533,"Streaming the latest web series, the viewer is engrossed in the characters' journey, feeling a sense of connection and empathy. ", WebSeriesViewerCharacterConnection , Facebook , #Engagement #WebSeriesJourney ,30,60, Engagement , Canada 
534,"At the film festival, the indie filmmaker's creation receives a standing ovation, evoking pride and a sense of accomplishment. ", IndieFilmmakerFestivalSuccess , Twitter , #Pride #IndieFilmSuccess ,22,45, Pride , Australia 
535,"Watching a heartwarming family drama, tears flow freely as the characters overcome challenges, leaving the viewer with a warm glow. ", DramaEnthusiastHeartwarmingMoments , Instagram , #Touched #FamilyDramaMoments ,28,55, Touched , India 
536,"At the Oscars, the actor graciously accepts an award, radiating joy and gratitude for the recognition of their outstanding performance. ", AwardWinningActorOscarsRecipient , Facebook , #Gratitude #OscarWinningMoment ,18,35, Gratitude , USA 
537,"Discovering a hidden gem in the world of documentaries, the viewer is enlightened and inspired, feeling a renewed sense of curiosity. ", DocumentaryEnthusiastHiddenGemFinder , Twitter , #Inspiration #HiddenGemDiscovery ,22,45, Inspiration , France 
538,"As the movie credits roll, the viewer experiences a mix of awe and contemplation, pondering the deeper meanings woven into the storyline. ", FilmBuffContemplativeViewer , Instagram , #Contemplation #DeepMeanings ,28,55, Contemplation , Germany 
539,"Binge-watching a thrilling crime series, the suspense keeps the viewer on the edge of their seat, creating a rush of adrenaline. ", CrimeSeriesEnthusiastThrillSeeker , Facebook , #Suspense #CrimeSeriesThrills ,35,70, Suspense , Japan 
540,"As the closing scene unfolds, a sense of satisfaction washes over, completing the cinematic journey with a profound and fulfilling ending. ", FilmCriticSatisfactionSeeker , Twitter , #Satisfaction #FulfillingEnding ,22,45, Satisfaction , Brazil 
541,"Celebrating a historic victory in the World Cup, the nation erupts in joy, united by the triumph of their football team. ", FootballFanWorldCupCelebration , Instagram , #Joy #WorldCupTriumph ,40,80, Joy , Brazil 
542,"At the Olympics, the athlete's perseverance shines through, earning a gold medal and inspiring a generation with their remarkable achievement. ", OlympicsEnthusiastGoldMedalWinner , Twitter , #Inspiration #OlympicAchievement ,35,70, Inspiration , USA 
543,"In the cricket championship, a nail-biting finish leaves fans on the edge of their seats, experiencing a rollercoaster of emotions. ", CricketFanChampionshipThrills , Facebook , #Excitement #CricketChampionship ,30,60, Excitement , India 
544,"Witnessing a record-breaking marathon, spectators are filled with awe and admiration for the endurance and dedication of the runners. ", MarathonSpectatorRecordBreaking , Instagram , #Admiration #MarathonRecords ,22,45, Admiration , Kenya 
545,"In the tennis grand slam, a fierce rivalry unfolds, captivating fans with a display of skill and sportsmanship on the world stage. ", TennisEnthusiastGrandSlamDrama , Twitter , #Captivation #TennisRivalry ,28,55, Captivation , UK 
546,"Cheering for the underdog in the basketball finals, the crowd erupts in applause as the team defies odds to claim the championship title. ", BasketballFanUnderdogTriumph , Facebook , #Triumph #BasketballFinals ,18,35, Triumph , USA 
547,"At the golf tournament, the golfer's precision and focus lead to a stunning victory, leaving spectators in awe of their exceptional skill. ", GolfEnthusiastPrecisionVictory , Instagram , #Awe #GolfVictory ,22,45, Awe , Scotland 
548,"Experiencing the thrill of a high-speed Formula 1 race, fans are on the edge of their seats as drivers compete for the championship. ", F1FanHighSpeedRaceExcitement , Twitter , #Thrill #Formula1Championship ,28,55, Thrill , Germany 
549,"In the cycling world championship, the climber conquers challenging terrains, symbolizing determination and achievement against all odds. ", CyclingEnthusiastWorldChampion , Facebook , #Determination #CyclingChampion ,35,70, Determination , Italy 
550,"Witnessing a heartwarming comeback in the hockey finals, fans share tears of joy as the team secures a historic victory after adversity. ", HockeyFanComebackVictory , Instagram , #Heartwarming #HockeyFinalsComeback ,22,45, Heartwarming , Canada 
551,"After a series of defeats, the soccer team faces disappointment, struggling to find the silver lining in a challenging season. ", SoccerFanTeamDefeats , Twitter , #Disappointment #SoccerDefeats ,40,80, Disappointment , Brazil 
552,"In the tennis tournament, a highly anticipated player experiences a setback, leaving fans in shock and questioning the unforeseen turn of events. ", TennisEnthusiastUnexpectedSetback , Instagram , #Frustration #TennisSetback ,35,70, Frustration , USA 
553,"Facing a defeat in the championship, the boxer reflects on the challenges, vowing to return stronger and more determined in the next bout. ", BoxingFanChampionshipDefeat , Facebook , #Reflection #BoxingDefeat ,30,60, Reflection , UK 
554,"In the midst of a cycling race, a tire blowout leads to frustration for the cyclist, who valiantly tries to overcome the unexpected obstacle. ", CyclingEnthusiastTireBlowout , Twitter , #Obstacle #CyclingFrustration ,22,45, Obstacle , France 
555,"The gymnast's unexpected fall during a routine sparks a wave of sympathy from the audience, highlighting the vulnerability of sports. ", GymnasticsFanRoutineFall , Instagram , #Sympathy #GymnasticsFall ,28,55, Sympathy , Japan 
556,"In the golf tournament, a missed crucial putt results in defeat, causing the golfer to reflect on the pressure of high-stakes competition. ", GolfEnthusiastMissedPutt , Facebook , #Pressure #GolfDefeat ,18,35, Pressure , USA 
557,"Experiencing a series of losses in the basketball season, the team grapples with frustration, determined to turn the tide with renewed effort. ", BasketballFanTeamLosses , Twitter , #RenewedEffort #BasketballStruggles ,22,45, Renewed Effort , Canada 
558,"Despite meticulous training, the swimmer faces disappointment as a split-second miscalculation costs them the lead in a crucial race. ", SwimmingEnthusiastRaceSetback , Instagram , #Miscalculation #SwimmingDisappointment ,28,55, Miscalculation , Australia 
559,"The weightlifter's failed attempt at a personal record results in frustration, highlighting the challenging nature of pushing physical limits. ", WeightliftingFanFailedRecord , Facebook , #Challenge #WeightliftingFailure ,35,70, Challenge , Germany 
560,"In the midst of a soccer match, an unexpected own goal creates a moment of despair for the player, as teammates console and encourage them. ", SoccerPlayerOwnGoalMoment , Twitter , #Despair #OwnGoal ,22,45, Despair , Spain 
561,"In the serene beauty of a sunset, nature unfolds a canvas of colors, evoking a sense of tranquility and wonder. ", NatureEnthusiastSunsetWonder , Instagram , #Tranquility #SunsetBeauty ,40,80, Tranquility , Canada 
562,"Embarking on a spontaneous road trip, the traveler discovers hidden gems, creating memories that will be cherished for a lifetime. ", TravelEnthusiastRoadTripDiscovery , Twitter , #Adventure #RoadTripMemories ,35,70, Adventure , USA 
563,"Amidst the bustling city, a quiet café becomes a sanctuary for reflection, where a cup of coffee brings solace to the wandering mind. ", UrbanExplorerCafeSolitude , Facebook , #Solace #CafeReflection ,30,60, Solace , France 
564,"Exploring the vibrant street art of a cultural neighborhood, each mural tells a story, infusing the city with creativity and expression. ", ArtEnthusiastStreetArtExploration , Instagram , #Creativity #StreetArtVibes ,22,45, Creativity , Brazil 
565,"In the world of science, a breakthrough discovery unfolds, pushing the boundaries of knowledge and opening new frontiers of exploration. ", ScienceEnthusiastDiscoveryMoment , Twitter , #Breakthrough #ScientificDiscovery ,28,55, Breakthrough , Germany 
566,"Connecting with the melody of a live orchestra, the music enthusiast experiences a symphony that resonates deep within the soul. ", MusicLoverLiveOrchestraExperience , Facebook , #Harmony #OrchestraMelody ,18,35, Harmony , UK 
567,"Embracing the aroma of freshly baked bread, the home chef finds joy in the art of baking, creating delicious memories for loved ones. ", HomeBakerDeliciousMemories , Instagram , #JoyInBaking #HomemadeDelights ,22,45, Joy in Baking , India 
568,"Wandering through a historical museum, the history enthusiast becomes immersed in the tales of the past, envisioning bygone eras. ", HistoryBuffMuseumExploration , Twitter , #EnvisioningHistory #MuseumTales ,28,55, Envisioning History , Italy 
569,"In the realm of literature, a captivating novel transports the reader to distant lands, weaving a tapestry of imagination and escape. ", BookwormCaptivatingNovelEscape , Facebook , #Imagination #LiteraryEscape ,35,70, Imagination , Japan 
570,"Capturing the essence of a bustling market, the photographer freezes moments in time, each frame telling a unique and vibrant story. ", PhotographyEnthusiastMarketMoments , Instagram , #Vibrancy #MarketStories ,22,45, Vibrancy , Australia 
571,"Underneath the city lights, the dancer expresses emotions through graceful movements, creating a mesmerizing performance under the night sky. ", DanceEnthusiastCityNightPerformance , Twitter , #Mesmerizing #NightDancePerformance ,40,80, Mesmerizing , USA 
572,"In the heart of a bustling market, the street food connoisseur indulges in a culinary adventure, savoring diverse flavors and aromas. ", FoodieMarketStreetFoodExploration , Instagram , #CulinaryAdventure #StreetFoodDelights ,35,70, Culinary Adventure , Thailand 
573,"As the first snowflake descends, the winter enthusiast eagerly prepares for a season of frosty delights, anticipating the magic of snow-covered landscapes. ", SnowLoverWinterEnthusiast , Facebook , #WinterMagic #SnowyLandscapes ,30,60, Winter Magic , Canada 
574,"Amidst the pages of a captivating mystery novel, the reader unravels clues and secrets, experiencing a thrilling journey of suspense and revelation. ", MysteryBookwormSuspensefulRead , Twitter , #ThrillingJourney #MysteryNovel ,22,45, Thrilling Journey , UK 
575,"Surrounded by the vibrant colors of a flower garden, the gardener nurtures blossoms, finding joy in the beauty of nature's ever-changing canvas. ", GardeningEnthusiastFlowerGarden , Instagram , #NaturesBeauty #FloralJoy ,28,55, Nature's Beauty , Australia 
576,"At the astronomy observatory, the stargazer marvels at the vastness of the cosmos, contemplating the mysteries hidden within the celestial expanse. ", AstronomyEnthusiastStargazing , Facebook , #CelestialWonder #Stargazing ,18,35, Celestial Wonder , USA 
577,"Engulfed in the aroma of freshly brewed coffee, the writer finds inspiration in every sip, embarking on a journey of creativity and prose. ", CoffeeLoverWritersRetreat , Twitter , #CreativeInspiration #CoffeeJourney ,22,45, Creative Inspiration , France 
578,"In the realm of fashion, the designer unveils a collection that tells a story, blending innovation and tradition on the runway of creativity. ", FashionEnthusiastDesignerShowcase , Instagram , #RunwayCreativity #FashionInnovation ,28,55, Runway Creativity , Italy 
579,"As the waves crash against the shore, the surfer embraces the thrill of riding the ocean's energy, capturing the essence of freedom in each wave. ", SurfingEnthusiastWaveRider , Facebook , #OceansFreedom #SurfingThrills ,22,45, Ocean's Freedom , Brazil 
580,"Exploring the historical architecture of an ancient city, the traveler is transported to a bygone era, where each monument whispers tales of the past. ", HistoryExplorerAncientCityTour , Twitter , #WhispersOfThePast #HistoricalTour ,35,70, Whispers of the Past , Greece 
581,Successfully avoided eye contact with my crush in the hallway. Mission accomplished. #TeenCrush #StealthMode , CrushAvoider , Twitter , #CrushStruggles #AvoidingEyeContact ,15,30, Excitement , USA
582,Ran out of snacks during a movie marathon. Crisis level: Emergency! #MovieNightStruggles #TeenProblems , MovieBuff , Instagram , #SnackCrisis #TeenLife ,18,35, Boredom , Canada
583,Spent an hour choosing the perfect filter for a selfie. The struggle for that Instagram aesthetic is real. #SelfieQueen #TeenVibes , SelfieAddict , Facebook , #SelfieStruggle #TeenConfessions ,22,45, Joy , UK
584,Lost my headphones again. How do they vanish into thin air? #HeadphoneMystery #TeenLife , AudioExplorer , Twitter , #TeenProblems #LostHeadphones ,20,40, Frustration , USA
585,Decided to study for exams but ended up making memes about studying instead. Procrastination level: Expert. #ProcrastinationNation #TeenConfessions , MemeCreator , Instagram , #StudyingMemes #TeenLife ,25,50, Surprise , Canada
586,"Got dressed for the day, then remembered it's Saturday. Oops. #WeekendVibes #TeenStruggles ", FashionBlunder , Facebook , #WeekendOops #TeenFashion ,20,40, Indifference , USA
587,Survived a group project without any drama. Miracles do happen. #GroupProjectSuccess #TeenAchievements , GroupGenius , Twitter , #TeenSuccess #ProjectMiracle ,28,55, Satisfaction , UK
588,"Entered the kitchen with the intention to cook. Left with a bag of chips. Cooking is overrated, anyway. #MasterChefInTraining #TeenHumor ", ChipExplorer , Instagram , #TeenChef #CookingFail ,22,45, Disgust , Canada
589,"Staring at the clock in class, waiting for the bell to ring like it's the most exciting event of the day. #ClassCountdown #TeenLife ", ExcitementSeeker , Facebook , #ClassEvent #TeenExcitement ,18,35, Surprise , USA
590,"Discovered a new book series and spent the whole night reading. Who needs sleep, anyway? #BookwormLife #LateNightReading ", NightReader , Twitter , #BookDiscoveries #TeenReading ,30,60, Joy , UK
591,"Bought a new video game, played for hours, forgot to eat. The ultimate gaming session. #GamerLife #NoFoodGaming ", GamingEnthusiast , Instagram , #GameOn #TeenGamer ,22,45, Excitement , USA
592,Spent the day binge-watching a new series. Productivity level: Zero. #LazyDay #TVSeriesMarathon , LazyWatcher , Facebook , #BingeWatchDay #TeenLife ,35,70, Joy , Canada
593,Caught up on the latest fashion trends and now planning a shopping spree. #Fashionista #TrendyTeen , TrendExplorer , Twitter , #FashionGoals #TeenStyle ,20,40, Excitement , USA
594,Decided to learn a new instrument. Day one: Still trying to figure out how to hold it. #MusicNovice #LearningJourney , MusicalExplorer , Instagram , #InstrumentLearning #TeenMusic ,28,55, Frustration , UK
595,Spent hours creating the perfect playlist for every mood. Music is my therapy. #PlaylistMaker #TeenMusicLover , MusicAficionado , Facebook , #MusicTherapy #TeenPlaylist ,22,45, Joy , Canada
596,Successfully cooked a gourmet meal for the family. Chef skills unlocked! #ChefMode #TeenChef , HomeChef , Twitter , #CookingSuccess #TeenCook ,25,50, Pride , USA
597,Spontaneously booked a weekend getaway. Adventure awaits! #TravelBug #WeekendEscape , AdventureSeeker , Instagram , #GetawayGoals #TeenTravel ,18,35, Excitement , UK
598,Attended a concert and danced the night away. Music is the heartbeat of life. #ConcertVibes #DanceAllNight , DanceEnthusiast , Facebook , #MusicMagic #TeenConcert ,28,55, Joy , Canada
599,Rediscovered childhood cartoons and had a nostalgia-filled marathon. #CartoonNostalgia #TeenMemories , NostalgiaExplorer , Twitter , #ChildhoodMemories #TeenCartoons ,22,45, Joy , USA
600,Embarked on a DIY home decor project. Let's hope it turns out better than last time. #DIYAdventure #TeenHomeDecor , HomeDecorator , Instagram , #DIYGoals #TeenCreative ,35,70, Excitement , UK
601,"Spent the afternoon at a museum, pretending to be cultured. Art enthusiast in the making. #MuseumDay #TeenArtLover ", ArtExplorer , Facebook , #CulturalDay #TeenCuriosity ,20,40, Curiosity , USA
602,Started a blog about random thoughts and musings. Blogging is the new diary. #BloggerLife #TeenBlogger , ThoughtfulBlogger , Twitter , #BloggingJourney #TeenThoughts ,30,60, Curiosity , Canada
603,Relishing a peaceful afternoon with a classic novel. Quiet moments are the best moments. #BookLover #PeacefulAfternoon , NovelEnthusiast , Instagram , #QuietMoments #BookishEscape ,35,70, Contentment , USA
604,"Reflecting on a lifetime of memories, each wrinkle tells a story. Embracing the beauty of aging. #LifeReflections #BeautyInAging ", WiseSoul , Twitter , #AgingGracefully #Memories ,28,55, Gratitude , UK
605,Exploring the world of digital art. It's never too late to discover new passions. #DigitalArtistry #LateBloomer , ArtAdventurer , Facebook , #ArtDiscovery #SeniorArtist ,22,45, Curiosity , Canada
606,Savoring the flavors of a home-cooked meal. Simple joys are the heart of happiness. #HomeCooking #SimpleJoys , HomeChefSenior , Instagram , #HappinessInFood #SeniorLife ,25,50, Contentment , USA
607,Embarking on a journey of learning a new language. The mind stays young with every new word. #LanguageLearning #NeverTooLate , LinguisticExplorer , Twitter , #MindEnrichment #SeniorLearning ,30,60, Curiosity , UK
608,"Attended a classical music concert, feeling the timeless melodies resonate. Music transcends generations. #ClassicalMusic #TimelessMelodies ", MusicConnoisseur , Facebook , #MusicLover #SeniorConcert ,18,35, Joy , Canada
609,Capturing the beauty of nature through photography. Every snapshot is a treasure. #NaturePhotography #SeniorPhotographer , PhotographySenior , Instagram , #NatureCapture #SeniorMoments ,35,70, Joy , USA
610,"Reconnecting with old friends over a cup of tea. Friendship, the true essence of companionship. #OldFriends #Companionship ", TeaTimeSenior , Twitter , #FriendshipGoals #SeniorBonding ,28,55, Contentment , UK
611,"Embarked on a road trip to revisit cherished places from the past. Nostalgia, the ultimate travel companion. #RoadTrip #NostalgiaTour ", RoadTripSenior , Facebook , #CherishedPlaces #SeniorTravel ,22,45, Joy , Canada
612,"Joined a community choir, harmonizing with fellow voices. Music creates bonds that withstand time. #CommunityChoir #HarmonyInAging ", ChoirEnthusiast , Instagram , #MusicHarmony #SeniorVoices ,20,40, Joy , USA
613,"Exploring the art of meditation, finding tranquility in the stillness of the mind. #MeditationJourney #TranquilMind ", MeditationSenior , Twitter , #MindfulLiving #SeniorCalm ,18,35, Contentment , UK
614,"Taking a stroll in the garden, appreciating the beauty of blooming flowers. Nature's wonders never cease. #GardenWalk #FloralBeauty ", GardenEnthusiast , Facebook , #NatureWonders #SeniorGarden ,25,50, Contentment , USA
615,"Sipping on a favorite vintage wine, each sip telling a story of the years gone by. Cheers to a life well-lived. #WineLover #VintageCheers ", WineConnoisseur , Instagram , #LifeWellLived #SeniorWine ,28,55, Contentment , UK
616,"Participated in a community art class, unleashing creativity in the golden years. Art has no age limit. #ArtClass #SeniorArtistry ", ArtisticSenior , Twitter , #CreativityAtAnyAge #SeniorCreativity ,22,45, Joy , Canada
617,"Embarking on a journey of writing a memoir, documenting a lifetime of experiences. Every story matters. #MemoirWriting #SeniorStories ", MemoiristSenior , Facebook , #LifetimeExperiences #SeniorMemoir ,35,70, Gratitude , USA
618,"Attended a lecture on history, always fascinated by the lessons from the past. Learning is a lifelong adventure. #HistoryLecture #SeniorLearning ", HistoryEnthusiast , Instagram , #LifetimeAdventure #SeniorCuriosity ,30,60, Curiosity , UK
619,"Rediscovered the joy of cooking traditional family recipes. The kitchen, a place of cherished memories. #FamilyRecipes #SeniorCooking ", FamilyChefSenior , Twitter , #KitchenMemories #SeniorCulinary ,20,40, Contentment , USA
620,"Joined a nature photography club, capturing the beauty of the great outdoors. Every click is a connection to nature. #NaturePhotography #SeniorPhotographer ", NaturePhotographySenior , Facebook , #OutdoorBeauty #SeniorClicks ,18,35, Joy , UK
621,"Attended a jazz concert and swayed to the rhythm of timeless tunes. Music, a constant companion in the golden years. #JazzConcert #SeniorMusic ", JazzMusicLover , Instagram , #TimelessTunes #SeniorJazz ,25,50, Joy , USA
622,"Joined a writing group, penning down thoughts and reflections. Writing, a journey into the depths of the soul. #WritingGroup #SeniorWriter ", SeniorWordsmith , Twitter , #SoulfulWriting #SeniorReflections ,28,55, Gratitude , UK
623,"Embarked on a solo travel adventure, discovering the beauty of new places at my own pace. #SoloTravel #SeniorExplorer ", SoloAdventurer , Instagram , #DiscoverNewPlaces #SeniorTravel ,30,60, Excitement , USA
624,"Attended a vintage car show, reminiscing about the classics that once ruled the roads. Nostalgia in every rev. #VintageCars #ClassicRides ", CarEnthusiastSenior , Facebook , #RoadTripDownMemoryLane #SeniorCars ,22,45, Joy , UK
625,"Started a community garden, growing not just plants but friendships too. Green thumbs unite! #CommunityGarden #SeniorGardener ", GreenThumbSenior , Twitter , #GardenFriends #SeniorGreenThumb ,28,55, Joy , Canada
626,"Hosted a family dinner, where laughter echoed louder than the clinking of utensils. Family, the heart of happiness. #FamilyDinner #SeniorHost ", FamilyHostSenior , Instagram , #HeartwarmingMoments #SeniorFamily ,35,70, Contentment , USA
627,"Enrolled in a dance class for seniors, moving to the rhythm of life. Age is just a number on the dance floor. #DanceClass #SeniorDancer ", DanceEnthusiastSenior , Twitter , #DanceLife #SeniorMoves ,18,35, Joy , UK
628,"Visited an art gallery, appreciating the brushstrokes that tell tales of creativity. Art, an eternal companion. #ArtGallery #SeniorArtLover ", ArtGalleryVisitor , Facebook , #CreativeExpressions #SeniorArt ,25,50, Joy , USA
629,"Started a book club for seniors, where discussions are as lively as the characters in the novels. #BookClub #SeniorReaders ", SeniorBookClub , Instagram , #BookishTalks #SeniorBookworms ,22,45, Joy , UK
630,"Hosted a picnic in the park, basking in the warmth of friendship and sunshine. Simple joys, timeless memories. #ParkPicnic #SeniorJoy ", SeniorPicnicHost , Twitter , #FriendshipSunshine #SeniorMemories ,30,60, Contentment , Canada
631,"Participated in a local theater production, proving that the stage belongs to every age. #TheaterProduction #SeniorActor ", SeniorActor , Facebook , #StagePassion #SeniorTheater ,20,40, Joy , USA
632,"Embarked on a hiking adventure, conquering trails and relishing the beauty of nature. Age is just a number on the mountaintop. #HikingAdventure #SeniorHiker ", SeniorHikerExplorer , Instagram , #NatureTrailBlazer #SeniorExplorer ,28,55, Excitement , UK
633,Hosted a photography exhibition featuring snapshots of a life well-lived. Every photo has a story to tell. #PhotographyExhibition #SeniorPhotographer , SeniorPhotographerExhibitor , Twitter , #LifeInPictures #SeniorExhibition ,22,45, Gratitude , Canada
634,"Joined a seniors' cycling club, feeling the wind in my hair and the freedom of the open road. #CyclingClub #SeniorCyclist ", SeniorCyclingEnthusiast , Facebook , #OpenRoadAdventures #SeniorCycling ,25,50, Excitement , USA
635,"Attended a wine tasting event, savoring the richness of flavors that age like fine wine. Cheers to the golden years! #WineTasting #SeniorWineLover ", SeniorWineConnoisseur , Instagram , #AgedToPerfection #SeniorCheers ,35,70, Joy , UK
636,"Started learning ballroom dancing, gliding gracefully across the dance floor. Ageless elegance in every step. #BallroomDancing #SeniorDancer ", SeniorBallroomDancer , Twitter , #GracefulMoves #SeniorDance ,20,40, Joy , USA
637,"Organized a community painting event, turning blank canvases into a masterpiece of shared creativity. #PaintingEvent #SeniorArtist ", SeniorPaintingOrganizer , Facebook , #CommunityArt #SeniorCreativity ,28,55, Joy , Canada
638,"Hosted a 'memory lane' evening with old friends, reminiscing about the adventures that shaped our lives. #MemoryLane #SeniorReminiscing ", SeniorMemoriesHost , Instagram , #FriendshipAdventures #SeniorNostalgia ,30,60, Gratitude , USA
639,"Joined a seniors' astronomy club, stargazing and finding wonder in the vastness of the cosmos. #AstronomyClub #SeniorStargazer ", SeniorStargazer , Twitter , #CelestialWonders #SeniorAstronomy ,18,35, Curiosity , UK
640,"Attended a local jazz festival, tapping toes to the tunes that have stood the test of time. Music, a lifelong love affair. #JazzFestival #SeniorMusicLover ", SeniorJazzFestivalGoer , Facebook , #TimelessTunes #SeniorJazz ,25,50, Joy , USA
641,"Started a blog sharing the wisdom gained through the years, proving that every day is a chance to learn and grow. #SeniorWisdom #Blog ", WisdomBloggerSenior , Instagram , #LifeLessons #SeniorBlog ,22,45, Gratitude , UK
642,"Participated in a charity run, proving that age is no barrier to supporting meaningful causes. #CharityRun #SeniorRunner ", SeniorCharityRunner , Twitter , #RunForACause #SeniorSupport ,30,60, Excitement , Canada
643,"Survived a challenging physics exam. Equations, you won't defeat me! ", PhysicsWhizHighSchool , Instagram , #PhysicsSurvivor #HighSchoolAdventures ,20,40, Relief , USA
644,Exploring the world of coding. Debugging is an adventure on its own! #CodingJourney #HighSchoolCoder , CodeExplorerHighSchool , Twitter , #CodingAdventure #HighSchoolCoderLife ,25,50, Excitement , UK
645,"Joined the school debate team. Words are my weapons, and I'm ready for battle! ", DebateWarriorHighSchool , Facebook , #DebateWarrior #HighSchoolDebater ,18,35, Excitement , Canada
646,"Started a photography club at school. Capturing moments, one snapshot at a time! ", PhotoClubHighSchool , Instagram , #PhotographyClub #HighSchoolPhotographer ,22,45, Joy , USA
647,"Daydreaming about the upcoming prom. The dress, the dance – it's a fairytale in the making! ", PromDreamerHighSchool , Twitter , #PromDreams #HighSchoolFairytale ,30,60, Excitement , Canada
648,Convinced the teacher to have class outdoors. Learning equations with a side of fresh air! , OutdoorClassHighSchool , Facebook , #OutdoorClassroom #HighSchoolExplorer ,28,55, Positive , USA
649,"Accidentally spilled paint in art class. Abstract art, right? #ArtClassAdventures #HighSchoolArtist ", PaintSpillHighSchool , Instagram , #ArtisticMishaps #HighSchoolArt ,22,45, Embarrassed , UK
650,Trying to master the perfect kickflip on my skateboard. Skating into the weekend like a pro! , SkateProHighSchool , Twitter , #SkaterLife #HighSchoolSkater ,30,60, Excitement , Canada
651,Bonding with friends over the latest K-pop sensation. Fangirling at its finest! , KpopFangirlHighSchool , Facebook , #KpopFangirl #HighSchoolMusic ,20,40, Joy , USA
652,Spent hours perfecting a chemistry experiment. Mixing potions like a wizard! , ChemistryWizardHighSchool , Instagram , #ChemistryWizard #HighSchoolScientist ,28,55, Joy , UK
653,Successfully organized a surprise birthday party for a friend. Party planning expert mode: Achieved! , BirthdayPartyPlannerHighSchool , Twitter , #BirthdayParty #HighSchoolCelebration ,22,45, Joy , Canada
654,"Joined the drama club to unleash my inner actor. Lights, camera, action! ", DramaClubStarHighSchool , Facebook , #DramaClubStar #HighSchoolActor ,25,50, Excitement , USA
655,Got my hands on the latest fantasy novel. Diving into realms of magic and adventure! , FantasyBookNerdHighSchool , Instagram , #FantasyBookNerd #HighSchoolReader ,35,70, Excitement , UK
656,Mastering the art of the perfect doodle during boring classes. Doodles: A+! , DoodleMasterHighSchool , Twitter , #DoodleMaster #HighSchoolArt ,20,40, Joy , USA
657,Attempting to break the school record for the longest handstand. Wish me luck! , HandstandChallengeHighSchool , Facebook , #HandstandChallenge #HighSchoolAthlete ,28,55, Excitement , Canada
658,Sneaking snacks into class like a pro. The art of snack-smuggling is a sacred skill! , SnackSmugglerHighSchool , Instagram , #SnackSmuggler #HighSchoolSnacks ,30,60, Mischievous , USA
659,Hosting a sleepover with friends this weekend. Preparing for a night of laughter and memories! , SleepoverHostHighSchool , Twitter , #SleepoverFun #HighSchoolMemories ,18,35, Excitement , UK
660,"Spent hours on a TikTok dance, only to realize I have two left feet. Dance fail: Unleashed! ", TikTokFailHighSchool , Facebook , #DanceFail #HighSchoolTikTok ,25,50, Embarrassed , USA
661,Accidentally liked my crush's old photo while stalking their profile. Awkward level: Maximum! , SocialMediaBlunderHighSchool , Instagram , #SocialMediaBlunder #HighSchoolAwkward ,22,45, Embarrassed , UK
662,Tried to impress my crush with a smooth conversation. Ended up spilling my drink. Smooth level: Nonexistent! , CrushFailHighSchool , Twitter , #CrushFail #HighSchoolEmbarrassment ,30,60, Embarrassed , Canada
663,Mastered the art of creating paper airplanes during lecture. Paper planes: Soaring to new heights! , PaperPlaneExpertHighSchool , Instagram , #PaperPlaneExpert #HighSchoolArt ,15,30, Joy , USA
664,Trying to set a new trend by juggling textbooks between classes. Academic juggling: A unique skill! , JugglingProHighSchool , Facebook , #TextbookJuggling #HighSchoolSkills ,22,40, Excitement , Canada
665,Hiding a snack stash in my backpack for emergency cravings. Snack ninja mode: Activated! , SnackNinjaHighSchool , Twitter , #SnackNinja #HighSchoolSnacks ,28,55, Mischievous , USA
666,Planning a surprise scavenger hunt for friends. Anticipating the thrill and excitement! , ScavengerHuntMasterHighSchool , Instagram , #SurpriseAdventure #HighSchoolFun ,20,38, Excitement , UK
667,Danced in the rain to celebrate the end of exams. Rain dance: Unexpectedly refreshing! , RainDanceCelebrationHighSchool , Facebook , #RainDance #HighSchoolJoy ,25,50, Joy , Canada
668,Accidentally sent a text meant for a friend to the class group chat. Texting fail: Oops moment! , GroupChatBlunderHighSchool , Twitter , #TextingFail #HighSchoolAwkward ,18,35, Embarrassed , USA
669,Tried a magic trick to impress classmates. Magic fail: Where did that rabbit go? , MagicFailHighSchool , Instagram , #MagicFail #HighSchoolMagic ,22,45, Embarrassed , UK
670,Perfecting the art of creating origami during a dull lecture. Origami mastery: A+! , OrigamiProHighSchool , Twitter , #OrigamiMaster #HighSchoolArt ,18,36, Joy , USA
671,Attempting to set a new record for the most consecutive hacky sack kicks. Hacky sack skills: Unleashed! , HackySackChampionHighSchool , Instagram , #HackySackChallenge #HighSchoolAthlete ,26,48, Excitement , Canada
672,Creating a secret handshake with friends. Friendship level: Expert! , SecretHandshakeHighSchool , Facebook , #FriendshipGoals #HighSchoolMemories ,20,40, Joy , USA
673,Embarking on a mission to find the best burger joint in town. Burger connoisseur: Reporting for duty! , BurgerQuestHighSchool , Twitter , #BurgerQuest #HighSchoolFoodie ,24,42, Excitement , UK
674,Practicing a stand-up comedy routine for the upcoming talent show. Comedy gig: In the making! , ComedyGeniusHighSchool , Instagram , #StandUpComedy #HighSchoolTalent ,21,39, Joy , Canada
675,Accidentally sent a love letter to the wrong person. Love note fail: Maximum embarrassment! , LoveLetterBlunderHighSchool , Facebook , #LoveLetterFail #HighSchoolAwkward ,17,33, Embarrassed , USA
676,Attempting to impress the teacher with an elaborate science experiment. Science geek mode: Activated! , ScienceExperimentProHighSchool , Twitter , #ScienceGeek #HighSchoolExperiments ,23,44, Excitement , UK
677,Crafting intricate friendship bracelets for the whole squad. Friendship level: Expert weaver! , BraceletCraftsmanHighSchool , Instagram , #FriendshipBracelets #HighSchoolCrafts ,19,37, Joy , USA
678,Attempting to beat the record for the most consecutive cartwheels. Cartwheel challenge: Underway! , CartwheelMasterHighSchool , Twitter , #CartwheelChallenge #HighSchoolAthlete ,27,52, Excitement , Canada
679,Organizing a movie marathon with friends. Popcorn and cinematic adventures await! , MovieMarathonHostHighSchool , Facebook , #MovieNight #HighSchoolMemories ,22,43, Joy , UK
680,Experimenting with a new hair color. A bold change for a bold semester! , HairColorExperimentHighSchool , Instagram , #HairExperiment #HighSchoolStyle ,20,39, Excitement , USA
681,Building a time capsule to capture memories for the future. Time-traveling emotions! , TimeCapsuleCreatorHighSchool , Facebook , #TimeCapsule #HighSchoolNostalgia ,26,48, Joy , Canada
682,Accidentally walked into the wrong classroom on the first day. Classroom mix-up: Awkward start! , ClassroomBlunderHighSchool , Twitter , #FirstDayOops #HighSchoolEmbarrassment ,16,32, Embarrassed , USA
683,Trying out a new smoothie recipe for a healthy start to the week. Smoothie enthusiast: Level up! , SmoothieConnoisseurHighSchool , Instagram , #HealthyLiving #HighSchoolWellness ,23,42, Excitement , UK
684,Reflecting on the challenges of the school year. Feeling a bit overwhelmed with assignments. , OverwhelmedHighSchoolStudent , Twitter , #SchoolChallenges #HighSchoolStruggles ,15,28, Sad , USA
685,Encountered some mean-spirited comments online. Dealing with online hate is never easy. , DealingWithHateHighSchool , Instagram , #OnlineHate #HighSchoolReality ,18,36, Hate , Canada
686,Had a bad day at school. Everything seems to be going wrong. , ToughDayHighSchool , Facebook , #BadDay #HighSchoolBlues ,20,40, Bad , UK
687,Feeling down after not making the sports team. Disappointment lingers. , SportsTeamRejectionHighSchool , Twitter , #Disappointment #HighSchoolSports ,17,34, Sad , USA
688,Witnessed a heated argument in the cafeteria. Unpleasant atmosphere at lunch. , CafeteriaConflictHighSchool , Instagram , #CafeteriaDrama #HighSchoolTension ,21,41, Hate , Canada
689,Received a not-so-great grade on a major project. Academic frustration setting in. , ProjectGradeDisappointmentHighSchool , Facebook , #AcademicFrustration #HighSchoolStress ,19,38, Bad , UK
690,Dealing with a personal setback. Sometimes life throws unexpected challenges. , PersonalSetbackHighSchool , Twitter , #LifeChallenges #HighSchoolStruggles ,22,44, Sad , USA
691,Feeling lonely on a Saturday night. Sometimes solitude hits harder than expected. , LonelySaturdayHighSchool , Instagram , #LonelyNights #HighSchoolEmotions ,16,31, Sad , Canada
692,Experiencing cyberbullying. Hateful messages online are disheartening. , CyberbullyingVictimHighSchool , Facebook , #StopCyberbullying #HighSchoolReality ,14,27, Hate , UK
693,Caught in a torrential rainstorm without an umbrella. Today's weather is just bad luck. , RainyDayBluesHighSchool , Twitter , #BadLuck #HighSchoolWeather ,18,35, Bad , USA
694,Missing an important event due to unforeseen circumstances. A day filled with sadness. , MissedOpportunityHighSchool , Instagram , #MissedChances #HighSchoolRegret ,20,39, Sad , Canada
695,Dealing with unfounded rumors circulating about personal life. Rumors can be hurtful. , RumorVictimHighSchool , Facebook , #RumorMills #HighSchoolDrama ,23,46, Hate , UK
696,Got a flat tire on the way to an important meeting. Talk about a series of bad events! , FlatTireWoesHighSchool , Twitter , #BadLuckDay #HighSchoolStruggles ,25,50, Bad , USA
697,Feeling a sense of emptiness after a close friend moves away. Farewells are always sad. , FriendMovingAwayHighSchool , Instagram , #SayingGoodbye #HighSchoolEmotions ,21,42, Sad , Canada
698,Facing rejection from a dream college. Disheartened but determined to explore other paths. , CollegeRejectionHighSchool , Facebook , #CollegeDreams #HighSchoolJourney ,19,37, Sad , UK
699,Encountering online toxicity during a gaming session. Hateful comments can ruin the fun. , GamingToxicityHighSchool , Twitter , #OnlineGaming #HighSchoolGamer ,16,32, Hate , USA
700,Having a bad hair day and feeling self-conscious. Bad hair days can affect confidence. , BadHairDayBluesHighSchool , Instagram , #BadHairDay #HighSchoolConfidence ,18,36, Bad , Canada
701,Feeling a sense of despair after a major project failure. Hard work didn't pay off this time. , ProjectFailureDespairHighSchool , Facebook , #ProjectStruggles #HighSchoolHardships ,21,41, Sad , UK
702,Experiencing hate comments for expressing personal opinions. Online negativity prevails. , OpinionsHateHighSchool , Twitter , #OnlineOpinions #HighSchoolCriticism ,24,48, Hate , USA
703,Having a string of bad luck with constant technology malfunctions. Tech troubles galore! , TechMalfunctionWoesHighSchool , Instagram , #TechIssues #HighSchoolTech ,22,43, Bad , Canada
704,Missing out on a long-anticipated event due to unexpected circumstances. A day filled with sadness. , MissedEventBluesHighSchool , Facebook , #MissedMoments #HighSchoolRegret ,20,39, Sad , UK
705,Trying out a new study technique for upcoming exams. Exploring different learning strategies. , StudyTechniqueExperimentHighSchool , Instagram , #StudyStrategies #HighSchoolExams ,23,42, Neutral , USA
706,Organizing a community cleanup event for a cleaner neighborhood. Promoting environmental awareness. , CommunityCleanupHighSchool , Twitter , #EnvironmentalEfforts #HighSchoolCommunity ,26,50, Neutral , Canada
707,Sharing favorite book recommendations with classmates. Building a mini book club. , BookRecommendationsHighSchool , Facebook , #BookClub #HighSchoolReads ,19,38, Neutral , UK
708,Experimenting with a new recipe for a school bake sale. Baking adventures in the kitchen. , BakeSaleRecipeExperimentHighSchool , Instagram , #BakingAdventures #HighSchoolBakes ,21,43, Neutral , USA
709,Collaborating on a school project with peers. Teamwork makes the dream work. , SchoolProjectCollaborationHighSchool , Twitter , #Teamwork #HighSchoolProjects ,18,36, Neutral , Canada
710,Attending a school club meeting to explore new interests. Dabbling in extracurricular activities. , ExtracurricularExplorationHighSchool , Instagram , #SchoolClubs #HighSchoolInterests ,22,45, Neutral , UK
711,Exploring a new part-time job opportunity for gaining work experience. Career development in progress. , PartTimeJobExplorationHighSchool , Facebook , #CareerDevelopment #HighSchoolJobs ,24,48, Neutral , USA
712,Attending a school assembly to stay informed about upcoming events and announcements. Staying connected with school activities. , SchoolAssemblyParticipationHighSchool , Twitter , #SchoolEvents #HighSchoolConnectivity ,20,40, Neutral , Canada
713,Exploring a new hobby of photography during free time. Capturing moments through a lens. , PhotographyHobbyHighSchool , Instagram , #PhotographyJourney #HighSchoolHobbies ,25,49, Neutral , UK
714,Participating in a science fair to showcase a unique experiment. Sharing knowledge with peers. , ScienceFairParticipationHighSchool , Facebook , #ScienceFair #HighSchoolScience ,19,37, Neutral , USA
715,Attending a workshop on time management to enhance organizational skills. Striving for efficiency. , TimeManagementWorkshopHighSchool , Twitter , #EfficiencyGoals #HighSchoolSkills ,23,44, Neutral , Canada
716,Volunteering at a local charity event to give back to the community. Contributing to social causes. , CharityEventVolunteerHighSchool , Instagram , #CommunityService #HighSchoolVolunteer ,20,39, Neutral , UK
717,Collaborating on a group project to promote teamwork and shared responsibilities. Group effort in action. , GroupProjectCollaborationHighSchool , Facebook , #TeamSpirit #HighSchoolProjects ,18,35, Neutral , USA
718,Participating in a debate club to enhance critical thinking and communication skills. Intellectual engagement in progress. , DebateClubParticipationHighSchool , Twitter , #DebateSkills #HighSchoolIntellect ,22,43, Neutral , Canada
719,Celebrating a friend's birthday with a surprise party. Joyful moments and laughter all around! , BirthdaySurpriseHighSchool , Instagram , #SurpriseParty #HighSchoolCelebration ,27,52, Happy , UK
720,Successfully completing a challenging coding project. Excitement for overcoming coding hurdles! , CodingSuccessHighSchool , Twitter , #CodingTriumph #HighSchoolTech ,24,48, Happy , USA
721,Attending a school talent show to support classmates. Applauding the diverse talents on display! , TalentShowSupportHighSchool , Facebook , #TalentShow #HighSchoolEntertainment ,19,38, Happy , Canada
722,"Exploring a new hiking trail with friends over the weekend. Nature, laughter, and good vibes! ", WeekendHikeHighSchool , Instagram , #NatureAdventures #HighSchoolFriends ,21,42, Happy , UK
723,Winning a friendly sports competition against rival schools. Victory celebrations in full swing! , SportsVictoryHighSchool , Twitter , #SportsTriumph #HighSchoolAthletics ,26,50, Happy , USA
724,Receiving a heartfelt letter from a pen pal in another country. Connecting across the globe! , PenPalConnectionHighSchool , Facebook , #GlobalFriendship #HighSchoolCorrespondence ,23,45, Happy , Canada
725,Creating a beautiful mural with fellow art enthusiasts. The power of collaboration and creativity! , MuralCreationHighSchool , Instagram , #ArtCollaboration #HighSchoolCreativity ,22,43, Happy , UK
726,Participating in a school-wide art exhibition. Witnessing creativity and spreading positive vibes! , ArtExhibitionJoyHighSchool , Instagram , #ArtisticExpression #HighSchoolCreativity ,23,44, Happy , USA
727,Achieving a personal best in a track and field competition. The thrill of victory and self-improvement! , TrackFieldSuccessHighSchool , Twitter , #AthleticAchievement #HighSchoolSports ,26,51, Happy , Canada
728,Collaborating on a science project that received recognition at a regional fair. Science triumphs and smiles! , ScienceProjectSuccessHighSchool , Facebook , #ScienceFairWinner #HighSchoolScience ,20,39, Happy , UK
729,"Attending a surprise birthday party organized by friends. Surrounded by love, laughter, and good company! ", BirthdayPartyJoyHighSchool , Instagram , #SurpriseCelebration #HighSchoolFriendship ,25,48, Happy , USA
730,Successfully fundraising for a school charity initiative. The joy of giving back to the community! , CharityFundraisingTriumphHighSchool , Twitter , #CommunityGiving #HighSchoolPhilanthropy ,22,42, Happy , Canada
731,"Participating in a multicultural festival, celebrating diversity with music, dance, and delicious food! ", MulticulturalFestivalJoyHighSchool , Facebook , #CulturalCelebration #HighSchoolUnity ,21,43, Happy , UK
732,"Organizing a virtual talent show during challenging times, bringing smiles to classmates' faces! ", VirtualTalentShowSuccessHighSchool , Instagram , #VirtualEntertainment #HighSchoolPositivity ,24,47, Happy , USA
